MedInc,HouseAge,AveRooms,AveBedrms,Population,AveOccup,Latitude,Longitude,MedHouseVal
2.1935,31.0,4.794029850746269,1.0567164179104478,1049.0,3.1313432835820896,34.16,-117.34,0.727
2.9,19.0,6.183510638297872,1.1436170212765957,967.0,2.5718085106382977,38.75,-120.7,1.587
8.4476,21.0,7.538310412573674,1.1355599214145382,1509.0,2.9646365422396856,34.04,-118.85,5.00001
4.1473,22.0,4.826086956521739,1.133433283358321,1479.0,2.217391304347826,37.35,-122.02,3.544
3.4375,30.0,4.290322580645161,0.96415770609319,695.0,2.4910394265232974,37.69,-122.12,1.578
1.7708,36.0,3.828358208955224,1.0970149253731343,1316.0,4.91044776119403,33.97,-118.25,1.026
4.4375,22.0,5.4189723320158105,1.2124505928853755,1947.0,1.923913043478261,32.95,-117.26,5.00001
5.9617,26.0,6.635696821515892,0.9535452322738386,1232.0,3.0122249388753057,37.97,-121.98,2.311
1.5846,46.0,4.375838926174497,1.0671140939597314,1766.0,2.9630872483221475,33.99,-118.29,1.148
1.875,39.0,3.2270531400966185,1.0193236714975846,3050.0,4.911433172302737,34.02,-118.27,1.273
4.5179,17.0,6.124183006535947,0.9950980392156863,1860.0,3.0392156862745097,35.46,-120.66,2.256
3.5234,52.0,4.5770750988142295,1.0,528.0,2.0869565217391304,33.99,-118.46,3.347
5.3462,46.0,6.75,0.998015873015873,1389.0,2.755952380952381,34.0,-118.35,2.704
4.2875,36.0,4.297520661157025,0.9400826446280992,1939.0,4.006198347107438,34.21,-118.37,1.766
2.3625,42.0,3.903314917127072,1.1215469613259668,1027.0,2.8370165745856353,37.73,-122.4,2.33
2.6094,19.0,14.740437158469945,3.3333333333333335,981.0,2.680327868852459,34.26,-116.85,0.924
2.68,30.0,3.3196480938416424,1.0175953079178885,1433.0,4.202346041055718,33.93,-118.36,1.7
5.2534,31.0,5.425383542538354,0.9916317991631799,1898.0,2.6471408647140864,37.31,-121.96,2.909
6.5616,33.0,6.393805309734513,1.002212389380531,1300.0,2.8761061946902653,33.74,-117.8,2.902
2.7955,23.0,5.442424242424242,1.1515151515151516,939.0,2.8454545454545452,38.69,-122.03,0.963
2.4792,24.0,3.4547038327526134,1.1341463414634145,2251.0,3.921602787456446,34.18,-118.38,2.0
1.5054,13.0,2.4764795144157814,0.9074355083459787,3356.0,5.092564491654021,33.75,-117.86,1.375
5.3988,8.0,7.043478260869565,1.0253623188405796,814.0,2.949275362318841,37.05,-120.84,1.655
6.1985,38.0,6.773006134969325,1.3251533742331287,415.0,2.5460122699386503,33.96,-118.43,4.22
2.0523,44.0,4.220779220779221,1.122077922077922,825.0,2.142857142857143,38.02,-122.14,1.339
4.2212,52.0,4.506696428571429,0.9330357142857143,999.0,2.2299107142857144,37.74,-122.42,2.713
3.4063,39.0,4.726943942133816,1.0289330922242315,1665.0,3.0108499095840866,34.04,-118.38,2.716
4.3194,34.0,5.2254901960784315,0.9607843137254902,819.0,2.676470588235294,34.22,-118.56,1.97
2.6667,26.0,3.6620416253716552,1.1337958374628345,2308.0,2.2874132804757186,33.92,-118.36,2.293
4.9485,36.0,5.320610687022901,0.9694656488549618,761.0,2.904580152671756,34.26,-118.46,2.171
2.0304,51.0,4.64203233256351,1.0623556581986142,1355.0,3.1293302540415704,34.02,-118.32,1.334
7.6344,14.0,7.662068965517242,0.9793103448275862,472.0,3.2551724137931033,32.65,-117.03,2.905
2.9911,23.0,5.434108527131783,1.062015503875969,1019.0,2.6330749354005167,40.81,-124.07,1.197
1.5491,9.0,5.641833810888252,1.163323782234957,805.0,2.306590257879656,34.13,-116.35,0.623
1.5872,52.0,3.5324858757062145,1.0692090395480225,1081.0,1.5268361581920904,38.58,-121.48,1.575
1.9234,43.0,4.8210227272727275,1.0994318181818181,1181.0,3.3551136363636362,34.08,-117.31,0.746
5.716,27.0,7.15625,0.9375,492.0,3.075,37.4,-121.83,3.483
3.7679,39.0,4.517241379310345,1.1544827586206896,1137.0,1.5682758620689654,37.81,-122.43,5.00001
2.6953,36.0,3.4020356234096694,0.9720101781170484,1769.0,4.5012722646310435,33.93,-118.21,1.21
4.6094,52.0,6.185542168674699,1.0506024096385542,1119.0,2.6963855421686747,37.76,-122.24,2.293
3.087,20.0,9.78735632183908,1.6896551724137931,409.0,2.3505747126436782,39.2,-120.1,1.969
2.2132,34.0,4.858044164037855,1.0347003154574133,1037.0,3.271293375394322,34.13,-117.91,1.385
6.6329,25.0,6.563380281690141,1.0070422535211268,1267.0,2.9741784037558685,37.36,-122.01,3.49
2.8088,18.0,3.6755555555555555,1.12,1763.0,2.611851851851852,34.15,-118.26,2.475
1.5933,37.0,3.998330550918197,1.0467445742904842,2489.0,4.155258764607679,32.69,-117.11,0.863
1.7652,52.0,3.5345211581291758,0.9888641425389755,878.0,1.955456570155902,37.86,-122.25,3.368
7.9217,4.0,5.106060606060606,1.0,511.0,2.580808080808081,33.66,-117.83,2.962
5.5126,36.0,5.9647495361781075,0.9814471243042672,1710.0,3.1725417439703154,34.23,-118.56,2.484
3.4091,41.0,4.946987951807229,1.0481927710843373,873.0,2.103614457831325,37.9,-122.3,2.23
1.725,52.0,5.096234309623431,1.1317991631799162,1015.0,2.1234309623430963,37.84,-122.27,1.139
7.9013,5.0,8.31929347826087,1.1209239130434783,2440.0,3.3152173913043477,34.3,-118.67,3.93
2.0057,52.0,5.061728395061729,1.0781893004115226,609.0,2.506172839506173,37.96,-120.23,0.682
4.2059,24.0,6.069620253164557,1.0696202531645569,1141.0,2.4071729957805905,34.05,-117.17,1.215
4.1667,35.0,4.9316939890710385,1.0573770491803278,1505.0,4.112021857923497,33.93,-118.04,1.519
4.0658,44.0,4.523456790123457,0.9901234567901235,1056.0,2.6074074074074076,33.87,-118.18,1.751
3.3558,29.0,3.9864864864864864,0.9432432432432433,965.0,2.608108108108108,33.92,-118.34,1.996
1.25,36.0,4.568047337278107,1.0710059171597632,1938.0,3.8224852071005917,33.95,-118.24,0.974
2.8295,52.0,4.94025974025974,1.0545454545454545,1233.0,3.2025974025974024,34.03,-118.31,1.322
1.9912,16.0,5.758842443729904,1.1564844587352625,1573.0,1.6859592711682745,33.72,-117.2,0.986
2.0335,33.0,4.448453608247423,1.0824742268041236,1371.0,3.533505154639175,36.0,-120.14,0.439
2.0714,18.0,5.813253012048193,1.144578313253012,1643.0,2.4743975903614457,36.31,-119.31,0.926
2.3889,6.0,6.316614420062696,1.2946708463949843,992.0,3.109717868338558,36.09,-119.57,0.532
2.8192,29.0,5.350378787878788,1.0265151515151516,3985.0,3.773674242424242,33.68,-117.7,1.625
2.5313,37.0,3.38,1.09,231.0,2.31,36.63,-121.86,1.083
3.8705,36.0,5.562770562770563,0.987012987012987,679.0,2.9393939393939394,34.08,-117.92,1.919
0.7526,5.0,2.5796610169491525,1.0372881355932204,2031.0,6.884745762711864,38.58,-121.5,1.625
4.6681,19.0,6.050802139037433,1.1096256684491979,2318.0,3.0989304812834226,33.83,-118.04,3.207
3.5542,43.0,6.268421052631579,1.1342105263157896,874.0,2.3,36.78,-119.8,0.965
2.9625,17.0,5.712887438825448,1.068515497553018,1763.0,2.8760195758564437,39.66,-121.66,1.012
4.9222,7.0,6.279615795090715,1.0101387406616862,6657.0,3.5522945570971185,38.25,-122.0,1.429
2.7969,38.0,4.626707132018209,1.078907435508346,2167.0,3.2883156297420335,37.79,-122.22,1.417
3.9375,48.0,4.643939393939394,1.0909090909090908,370.0,1.4015151515151516,34.08,-118.38,4.5
3.4107,35.0,5.0339943342776206,1.045325779036827,1158.0,3.2804532577903682,32.72,-117.05,1.17
1.9908,33.0,4.491048593350383,1.0549872122762147,1515.0,1.9373401534526855,38.61,-121.4,1.188
4.8295,18.0,5.73961661341853,1.0559105431309903,1992.0,3.182108626198083,32.96,-117.05,1.658
4.2039,11.0,6.7539267015706805,1.031413612565445,881.0,4.612565445026178,37.19,-121.74,5.00001
1.6071,27.0,4.190476190476191,1.0389610389610389,587.0,2.5411255411255413,36.97,-120.07,0.55
4.3083,33.0,5.643652561247216,1.1024498886414253,996.0,2.2182628062360803,37.96,-122.54,5.00001
1.55,36.0,2.701046337817638,0.9417040358744395,2118.0,3.1659192825112106,34.04,-118.18,1.29
3.256,18.0,4.321782178217822,1.0816831683168318,1268.0,3.1386138613861387,37.53,-122.03,1.833
2.6094,20.0,6.802631578947368,1.355263157894737,647.0,2.837719298245614,38.03,-120.39,1.391
3.2625,18.0,6.151943462897527,2.127208480565371,508.0,1.795053003533569,32.79,-117.24,1.938
3.1859,26.0,5.838323353293413,1.1477045908183632,1921.0,3.834331337325349,33.94,-117.6,1.531
4.5,14.0,5.227043390514631,1.060544904137235,1639.0,1.6538849646821392,33.03,-117.05,2.222
3.7895,52.0,5.705882352941177,1.0784313725490196,704.0,2.3006535947712417,34.11,-118.15,3.648
2.3182,23.0,3.6525974025974026,0.8863636363636364,687.0,2.2305194805194803,32.98,-117.09,2.688
5.1781,4.0,6.1254752851711025,0.9936628643852978,2088.0,2.6463878326996197,36.83,-119.87,1.225
4.2143,36.0,5.677064220183486,1.0201834862385322,1672.0,3.067889908256881,34.09,-117.75,1.469
5.8519,36.0,6.771812080536913,1.1006711409395973,466.0,3.12751677852349,34.07,-117.9,2.494
10.7751,19.0,9.02051282051282,1.0974358974358975,659.0,3.3794871794871795,32.84,-117.25,5.00001
3.6042,14.0,18.846938775510203,4.479591836734694,238.0,2.4285714285714284,37.64,-118.97,1.375
7.9068,17.0,7.66219723183391,1.0250865051903115,7665.0,3.315311418685121,34.15,-117.71,3.491
5.1984,36.0,5.533333333333333,1.0,943.0,3.1433333333333335,33.83,-118.36,3.536
1.7393,12.0,7.848837209302325,1.744186046511628,423.0,2.4593023255813953,40.56,-122.86,0.813
2.0202,22.0,5.851703406813627,1.2745490981963927,1382.0,2.7695390781563125,41.54,-123.92,0.711
1.5313,29.0,5.808219178082192,1.0684931506849316,284.0,3.8904109589041096,36.1,-119.56,0.438
3.7454,33.0,5.139689578713969,1.0288248337028825,1904.0,4.221729490022173,34.02,-117.74,1.164
7.916,23.0,8.572538860103627,1.038860103626943,1116.0,2.8911917098445596,32.8,-117.05,3.306
2.0187,39.0,4.8760683760683765,1.1025641025641026,1313.0,5.611111111111111,33.94,-118.23,0.901
4.8059,52.0,6.572815533980583,1.1019417475728155,531.0,2.5776699029126213,34.16,-118.0,2.706
3.5363,21.0,5.8580246913580245,1.0864197530864197,2907.0,2.990740740740741,40.73,-124.19,0.901
4.3851,16.0,5.531365313653136,0.922509225092251,1292.0,4.767527675276753,37.67,-120.97,1.173
7.2582,4.0,7.376840696117805,1.0475234270414993,3857.0,2.5816599732262384,38.63,-121.24,2.732
3.0735,23.0,5.334589299171062,1.0406932931424264,3205.0,2.4152223059532782,34.11,-117.78,2.123
5.5779,16.0,5.938223938223938,1.0038610038610039,835.0,3.223938223938224,33.65,-117.65,2.348
5.128,29.0,3.932471264367816,1.160919540229885,1157.0,1.6623563218390804,33.97,-118.5,5.00001
3.0466,11.0,6.534090909090909,1.226010101010101,2144.0,2.707070707070707,38.97,-122.78,0.973
3.4141,41.0,5.027027027027027,1.0324324324324323,463.0,2.502702702702703,37.99,-121.29,0.906
3.6625,35.0,4.8986175115207375,1.044546850998464,1882.0,2.890937019969278,33.9,-118.32,1.88
2.9803,26.0,5.170568561872909,0.959866220735786,773.0,2.5852842809364547,38.67,-121.2,1.154
1.4282,18.0,4.8405275779376495,1.1870503597122302,2722.0,3.26378896882494,37.73,-122.38,1.404
12.1387,23.0,8.261887344550109,1.0073152889539136,3840.0,2.809070958302853,37.36,-122.14,5.00001
2.8306,25.0,5.464019851116626,1.0471464019851116,1109.0,2.7518610421836227,39.64,-121.8,0.875
2.2,20.0,4.303317535545023,0.976303317535545,481.0,2.279620853080569,39.75,-121.59,0.808
2.4273,27.0,4.846262341325811,1.0648801128349787,1568.0,2.211565585331453,38.9,-121.08,1.384
5.5124,34.0,3.9156626506024095,0.7228915662650602,433.0,5.216867469879518,34.26,-118.44,1.743
3.6875,36.0,3.8521739130434782,1.017391304347826,577.0,5.017391304347826,33.72,-117.9,1.375
4.0313,31.0,5.108387096774194,1.104516129032258,1919.0,2.4761290322580645,33.42,-117.61,2.82
2.1979,8.0,5.642380708055413,1.1313494099538224,5060.0,2.5962031811185224,33.79,-116.95,0.953
2.7125,14.0,4.094262295081967,0.9508196721311475,1037.0,4.25,33.93,-117.94,1.661
3.2652,12.0,4.39935956084172,1.0274473924977128,12153.0,2.7797346752058556,36.72,-121.68,1.528
6.2182,30.0,5.982248520710059,1.0650887573964498,1440.0,2.8402366863905324,37.32,-122.06,3.808
3.7738,48.0,4.378006872852234,1.0756013745704467,971.0,3.336769759450172,37.32,-121.9,2.206
5.0769,16.0,6.1046099290780145,0.9964539007092199,2130.0,3.776595744680851,34.03,-117.59,1.614
3.1167,20.0,4.52720207253886,1.0595854922279793,2186.0,2.83160621761658,36.96,-121.98,2.583
3.7188,46.0,4.434878587196468,1.0242825607064017,761.0,1.6799116997792494,37.79,-122.45,5.00001
2.4943,45.0,4.447368421052632,1.086466165413534,900.0,3.3834586466165413,32.68,-117.1,0.996
1.6903,40.0,2.4575936883629192,1.064102564102564,4828.0,2.380670611439842,34.1,-118.31,3.5
2.3967,38.0,4.278728606356968,1.0048899755501222,1398.0,3.4180929095354524,34.19,-118.15,1.631
3.2917,27.0,4.435114503816794,1.0305343511450382,647.0,4.938931297709924,33.93,-118.25,0.831
7.2634,12.0,7.133034379671151,1.0189337319382163,5781.0,2.8804185351270553,37.77,-122.06,3.416
7.472,10.0,7.769716088328075,1.1813880126182965,1478.0,2.331230283911672,32.99,-117.25,4.399
1.5987,28.0,4.211586901763225,1.0478589420654911,1335.0,3.36272040302267,32.8,-115.56,0.594
4.0,16.0,5.145748987854251,1.008097165991903,1022.0,2.068825910931174,33.66,-117.8,2.234
5.3961,52.0,6.6871165644171775,1.0,856.0,2.625766871165644,37.74,-122.46,4.169
1.8664,30.0,3.392857142857143,1.1321428571428571,1073.0,3.8321428571428573,37.96,-122.36,1.078
2.625,21.0,4.801204819277109,0.9759036144578314,484.0,2.9156626506024095,34.03,-117.98,1.911
3.0625,52.0,6.108958837772397,1.1138014527845037,1167.0,2.8256658595641646,33.96,-118.31,1.274
5.0016,19.0,5.531431897555297,1.029685681024447,6370.0,3.7077997671711294,34.19,-119.2,2.185
5.753,5.0,6.386243386243386,1.1146384479717812,1546.0,2.72663139329806,33.52,-117.68,3.228
2.0154,23.0,5.606185567010309,1.109278350515464,930.0,1.9175257731958764,33.75,-116.89,0.817
1.7714,27.0,2.5325,0.985,1067.0,2.6675,33.9,-118.29,1.594
2.5588,35.0,3.2589285714285716,0.875,463.0,4.133928571428571,32.7,-117.13,0.788
7.0568,5.0,7.0234375,0.912109375,1738.0,3.39453125,37.73,-122.06,4.125
7.6107,33.0,7.554166666666666,1.0458333333333334,1348.0,2.808333333333333,37.88,-122.17,4.232
6.5829,52.0,5.554216867469879,0.9116465863453815,551.0,2.21285140562249,37.43,-122.14,5.00001
1.8438,17.0,5.322784810126582,1.0506329113924051,887.0,2.8069620253164556,40.39,-122.29,0.764
2.3906,44.0,4.865573770491803,1.1639344262295082,2269.0,3.719672131147541,37.78,-122.22,1.117
3.6354,17.0,5.471061093247588,1.062700964630225,1540.0,2.4758842443729905,38.99,-120.98,1.629
3.1832,9.0,6.288461538461538,1.0833333333333333,596.0,3.8205128205128207,33.67,-117.31,1.574
6.0433,20.0,6.470756062767475,1.0099857346647647,1812.0,2.5848787446504993,38.07,-122.41,4.359
1.8477,39.0,3.6723768736616704,1.3340471092077089,1327.0,2.841541755888651,37.8,-122.27,1.792
5.0838,20.0,6.116037735849057,1.0075471698113208,3526.0,3.3264150943396227,37.54,-122.06,2.482
3.038,17.0,4.54228855721393,1.1343283582089552,530.0,2.63681592039801,34.42,-118.47,2.385
2.6742,27.0,3.87515299877601,1.0611995104039167,1332.0,1.6303549571603426,32.75,-117.15,1.714
5.6344,24.0,5.276053215077606,1.0210643015521064,3188.0,3.5343680709534366,37.41,-121.9,2.287
5.6762,16.0,6.833119383825418,1.0205391527599486,2493.0,3.2002567394094994,34.23,-119.03,2.713
2.7574,33.0,6.021834061135372,1.1921397379912664,884.0,3.8602620087336246,34.06,-117.47,1.25
4.9464,12.0,6.135593220338983,0.9943502824858758,1013.0,2.861581920903955,36.3,-119.33,1.156
3.3398,19.0,5.409944751381215,1.196685082872928,2150.0,2.3756906077348066,38.1,-121.7,0.897
3.0833,10.0,6.3478260869565215,1.1576086956521738,1003.0,2.7255434782608696,40.32,-122.23,0.813
2.2431,41.0,4.799163179916318,1.0167364016736402,583.0,2.4393305439330546,39.13,-121.62,0.634
5.2818,35.0,5.715909090909091,0.9829545454545454,818.0,2.3238636363636362,37.96,-122.52,3.31
1.6009,39.0,5.12183908045977,1.2459770114942528,1516.0,3.485057471264368,35.39,-118.99,0.488
2.125,40.0,4.056768558951965,1.1222707423580787,576.0,2.51528384279476,38.14,-121.27,1.375
5.273,27.0,5.399355877616747,1.0515297906602254,1571.0,2.529790660225443,37.34,-121.99,3.156
3.4671,52.0,3.824324324324324,1.2432432432432432,582.0,2.6216216216216215,37.77,-122.41,2.5
3.7206,12.0,6.469302809573361,1.060353798126951,3771.0,3.924037460978148,38.04,-121.35,1.46
3.1012,34.0,3.6923076923076925,0.9467455621301775,1960.0,5.798816568047338,33.9,-118.18,1.404
4.0921,20.0,5.577608142493639,1.0330788804071247,1766.0,4.493638676844784,32.69,-117.07,1.35
4.51,9.0,5.736216216216216,1.0735135135135134,2630.0,2.843243243243243,34.08,-117.16,1.358
2.8106,26.0,4.1106719367588935,1.1067193675889329,2096.0,4.142292490118577,33.82,-118.3,1.844
4.0833,49.0,5.603104212860311,1.0221729490022173,1344.0,2.9800443458980044,33.96,-117.39,1.144
3.0,32.0,5.292792792792793,0.9369369369369369,774.0,3.4864864864864864,37.4,-120.94,1.094
2.1056,34.0,4.260194174757282,1.007766990291262,1326.0,2.574757281553398,34.9,-117.01,0.72
2.4429,52.0,3.607883817427386,0.9626556016597511,938.0,1.946058091286307,34.09,-118.28,2.288
4.0647,14.0,5.279596977329975,1.057934508816121,926.0,2.332493702770781,38.46,-122.65,1.878
1.9375,41.0,5.6091370558375635,1.3045685279187818,816.0,4.1421319796954315,34.11,-117.31,0.641
2.9821,32.0,6.576923076923077,1.1153846153846154,138.0,2.6538461538461537,38.02,-121.27,1.55
5.01,19.0,6.136792452830188,1.0353773584905661,1156.0,2.7264150943396226,33.69,-117.93,2.638
5.0719,37.0,5.684873949579832,0.9705882352941176,1331.0,2.796218487394958,33.84,-118.12,2.2
10.4286,52.0,7.91970802919708,0.9817518248175182,784.0,2.8613138686131387,37.57,-122.35,5.00001
4.8125,48.0,6.764309764309765,1.127946127946128,919.0,3.0942760942760943,33.99,-118.34,1.705
1.5625,21.0,3.930909090909091,0.9236363636363636,715.0,2.6,39.4,-123.36,0.715
5.6112,20.0,5.417536534446764,0.8935281837160751,1751.0,3.6555323590814197,34.03,-118.12,3.08
3.4167,35.0,8.307692307692308,1.6153846153846154,158.0,4.051282051282051,33.8,-116.8,1.0
5.5684,18.0,6.743099787685775,0.9936305732484076,1296.0,2.751592356687898,37.69,-120.98,1.851
2.5804,48.0,5.453172205438066,0.9939577039274925,741.0,2.2386706948640485,36.77,-119.81,0.789
3.9773,36.0,5.242718446601942,0.9644012944983819,1258.0,4.0711974110032365,33.97,-118.08,1.667
3.1543,29.0,4.933949801849406,1.0673712021136064,1873.0,2.474240422721268,36.61,-121.92,2.538
8.735,10.0,6.343373493975903,0.9608433734939759,1002.0,3.0180722891566263,33.68,-117.79,3.753
4.2045,30.0,5.61271676300578,1.069364161849711,644.0,3.722543352601156,36.96,-122.05,2.265
3.369,19.0,4.205278592375366,1.1466275659824048,1088.0,3.190615835777126,33.88,-118.01,2.696
2.8868,37.0,4.784397163120567,1.1560283687943262,2909.0,4.126241134751773,37.47,-122.14,1.566
5.5368,31.0,6.405959031657356,1.0689013035381751,1538.0,2.8640595903165735,38.33,-122.23,3.259
5.1519,15.0,5.067019400352733,0.9647266313932981,1582.0,2.7901234567901234,37.01,-121.58,2.647
2.5329,31.0,4.055639097744361,1.037593984962406,2220.0,3.338345864661654,36.67,-121.62,1.352
2.6506,14.0,4.813486370157819,0.9971305595408895,1350.0,1.9368723098995695,36.92,-121.74,1.646
1.9954,30.0,4.751141552511416,1.0410958904109588,1005.0,2.2945205479452055,38.24,-122.04,0.929
2.5809,52.0,4.700280112044818,1.0812324929971988,1220.0,3.4173669467787113,37.75,-122.41,2.553
3.6745,31.0,4.532182103610675,1.0141287284144427,1626.0,2.5525902668759812,34.18,-118.42,3.355
6.0256,28.0,5.942760942760943,1.0134680134680134,1173.0,3.9494949494949494,34.44,-119.85,2.768
6.1896,19.0,5.922981366459627,1.0024844720496895,2199.0,2.7316770186335404,37.5,-122.53,3.311
1.6948,30.0,5.370801033591731,1.0775193798449612,1885.0,2.4354005167958657,39.75,-122.18,0.675
3.6516,20.0,5.757225433526012,1.0491329479768785,889.0,2.569364161849711,38.67,-121.29,1.305
2.3566,15.0,5.665775401069519,1.0401069518716577,1079.0,2.8850267379679146,39.43,-121.52,0.804
4.6111,23.0,6.106349206349206,0.9650793650793651,1621.0,2.573015873015873,34.15,-117.24,1.284
1.0227,8.0,2.3288201160541586,1.067698259187621,1074.0,2.0773694390715667,34.06,-118.24,0.875
5.4155,5.0,7.117942283563362,1.0727728983688833,2592.0,3.2521957340025094,33.01,-116.84,1.992
3.0079,25.0,4.170229007633588,1.0312977099236642,2758.0,2.1053435114503816,37.3,-121.97,2.773
2.7969,38.0,4.06701030927835,1.0283505154639174,879.0,2.265463917525773,37.48,-122.23,2.984
2.8281,14.0,6.108108108108108,1.3397683397683398,825.0,3.1853281853281854,34.03,-117.33,1.063
1.4934,26.0,5.157303370786517,1.0823970037453183,761.0,2.850187265917603,39.08,-121.56,0.483
2.6392,26.0,3.8322649572649574,1.1047008547008548,1821.0,1.9455128205128205,37.78,-122.43,2.875
1.7308,26.0,4.9294710327455915,1.0806045340050379,945.0,2.380352644836272,39.52,-121.56,0.536
4.225,34.0,4.635311143270623,0.9450072358900145,2072.0,2.9985528219971056,33.83,-118.03,1.984
4.1597,22.0,5.678125,1.0375,1699.0,2.6546875,37.66,-121.86,2.932
8.0784,52.0,6.882191780821918,0.9753424657534246,978.0,2.6794520547945204,33.77,-117.87,3.203
3.6629,33.0,5.383084577114428,0.9966832504145937,1585.0,2.628524046434494,34.01,-118.35,3.532
3.7361,35.0,5.734848484848484,1.143939393939394,474.0,3.590909090909091,33.93,-118.16,1.798
6.3427,36.0,7.623853211009174,1.1192660550458715,272.0,2.4954128440366974,38.39,-122.33,3.048
2.6637,14.0,3.925438596491228,1.0789473684210527,1933.0,2.119517543859649,35.34,-119.05,1.75
2.288,19.0,3.7037773359840953,0.9880715705765407,868.0,1.7256461232604374,32.8,-117.24,2.1
2.8,43.0,4.302521008403361,1.0392156862745099,1256.0,3.518207282913165,37.35,-121.86,1.533
4.2227,28.0,4.899532710280374,0.947429906542056,2556.0,2.985981308411215,34.21,-119.19,2.354
2.902,15.0,5.6092619392185235,1.125904486251809,1960.0,2.8364688856729376,38.91,-120.88,1.273
4.775,35.0,5.073558648111332,1.0834990059642147,1850.0,3.6779324055666005,34.24,-118.4,1.795
3.4812,52.0,4.520689655172414,1.0689655172413792,707.0,2.4379310344827587,34.06,-118.34,4.328
7.5822,14.0,7.546419098143236,1.1140583554376657,1172.0,3.1087533156498672,34.04,-117.15,2.831
2.9531,28.0,4.341753343239227,1.098068350668648,3013.0,4.476968796433878,33.91,-118.16,1.271
5.049,52.0,6.382470119521912,1.0557768924302788,667.0,2.6573705179282867,34.18,-118.29,3.235
4.5625,42.0,6.962962962962963,1.1851851851851851,220.0,2.7160493827160495,34.17,-118.85,3.188
6.0928,35.0,6.058479532163743,0.9298245614035088,908.0,2.654970760233918,34.17,-118.57,3.273
1.9063,13.0,3.453125,0.984375,286.0,4.46875,33.97,-118.16,1.75
5.1439,21.0,7.276243093922652,1.0349907918968693,1392.0,2.56353591160221,33.43,-117.6,4.14
5.0947,14.0,5.076923076923077,1.0384615384615385,943.0,3.626923076923077,32.68,-117.04,1.527
3.733,23.0,5.784552845528455,1.048780487804878,1526.0,3.1016260162601625,38.34,-122.69,1.635
2.9706,36.0,4.184782608695652,1.0217391304347827,295.0,3.2065217391304346,37.6,-122.09,1.479
4.7381,43.0,6.446666666666666,1.01,847.0,2.8233333333333333,37.61,-122.41,3.474
3.0972,25.0,3.853467561521253,1.0044742729306488,5558.0,6.217002237136465,34.2,-119.15,1.693
3.6761,18.0,4.403581267217631,1.1143250688705235,1894.0,2.608815426997245,33.82,-117.89,1.405
11.6471,50.0,8.696682464454977,1.09478672985782,636.0,3.014218009478673,34.12,-118.1,5.00001
1.9045,20.0,3.2624686542212316,1.0080802451936473,7604.0,2.118696015603232,37.43,-122.15,3.75
2.8727,25.0,4.365346534653465,1.007920792079208,4579.0,4.533663366336634,34.23,-118.55,2.451
4.7019,35.0,4.991769547325103,0.9094650205761317,790.0,3.251028806584362,37.63,-122.09,1.741
2.2652,24.0,3.7652542372881355,1.0872881355932202,2421.0,2.051694915254237,34.17,-118.4,2.692
2.1888,30.0,3.297029702970297,1.0367751060820367,2172.0,3.072135785007072,34.21,-118.45,1.956
3.6742,9.0,5.8562874251497,1.0199600798403194,1227.0,2.4491017964071857,37.34,-120.47,1.172
2.8493,36.0,5.853018372703412,1.094488188976378,1395.0,3.661417322834646,33.89,-118.26,1.096
1.3811,21.0,8.579212916246217,2.6579212916246218,2330.0,2.3511604439959637,34.45,-116.51,0.513
2.9413,23.0,4.129221732745962,1.1292217327459617,1983.0,2.9118942731277535,37.68,-122.46,2.294
4.7386,21.0,5.7405405405405405,0.9675675675675676,631.0,3.4108108108108106,37.16,-121.72,3.941
6.1023,17.0,6.630952380952381,1.3968253968253967,729.0,2.892857142857143,37.7,-121.72,4.5
1.7199,17.0,2.518,1.196,3051.0,3.051,34.06,-118.28,1.75
5.7306,15.0,6.803174603174603,0.9079365079365079,929.0,2.9492063492063494,34.88,-120.45,2.697
7.4947,4.0,7.311042590094431,1.054345731354789,16122.0,3.1069570244748506,33.89,-117.74,3.663
4.5594,13.0,5.084321475625823,0.9354413702239789,2283.0,3.007905138339921,34.14,-117.95,1.845
3.6641,17.0,5.577142857142857,1.1542857142857144,511.0,2.92,40.85,-121.07,0.808
2.5612,5.0,5.7405857740585775,1.0613668061366806,1714.0,2.390516039051604,33.76,-116.87,1.308
3.3958,37.0,6.018691588785047,1.0934579439252337,1284.0,3.0,34.08,-117.64,1.304
4.9861,12.0,7.123684210526315,1.1394736842105264,1200.0,3.1578947368421053,38.03,-121.34,1.335
3.7875,9.0,2.7264957264957266,1.1367521367521367,426.0,1.8205128205128205,33.65,-117.83,1.875
2.3482,17.0,3.879154078549849,1.0735146022155087,2986.0,3.0070493454179257,34.17,-118.29,2.554
6.641,2.0,5.483050847457627,1.152542372881356,203.0,1.7203389830508475,37.91,-122.51,3.1
5.1966,15.0,6.426865671641791,1.0298507462686568,979.0,2.9223880597014924,38.34,-122.63,3.254
4.2981,52.0,6.329113924050633,1.2151898734177216,363.0,2.2974683544303796,34.11,-118.15,3.528
2.0174,20.0,4.146739130434782,1.0043478260869565,3450.0,3.75,35.26,-118.92,0.637
4.4732,16.0,6.0,1.0613496932515338,862.0,2.644171779141104,33.5,-117.66,1.863
2.1875,16.0,5.49171270718232,1.022099447513812,495.0,2.734806629834254,40.44,-122.42,0.764
4.0417,32.0,5.351515151515152,0.9757575757575757,876.0,2.6545454545454548,33.81,-117.85,2.345
4.375,29.0,5.481389578163772,1.1017369727047146,952.0,2.3622828784119108,34.2,-118.32,3.412
4.8993,34.0,5.651282051282052,0.9487179487179487,1398.0,2.3897435897435897,37.99,-122.55,3.199
1.6389,44.0,4.43859649122807,0.9473684210526315,1296.0,3.2481203007518795,33.95,-118.26,0.967
3.1607,31.0,3.598944591029024,1.0184696569920844,707.0,1.8654353562005277,37.78,-122.44,2.938
5.543,16.0,7.239737274220033,1.0328407224958949,1875.0,3.0788177339901477,33.2,-117.2,2.864
5.2868,47.0,6.546391752577319,0.9360824742268041,1098.0,2.263917525773196,37.84,-122.23,3.476
2.0488,20.0,4.216666666666667,1.1208333333333333,837.0,3.4875,32.68,-117.1,0.889
2.8625,21.0,4.958695652173913,1.2108695652173913,1510.0,3.282608695652174,33.82,-117.99,1.896
3.2153,42.0,4.783382789317508,1.0504451038575668,1940.0,2.878338278931751,37.36,-121.91,1.997
2.1179,18.0,4.107583774250441,1.0229276895943562,1538.0,2.7125220458553794,32.59,-117.11,1.531
2.7266,17.0,4.038391224862888,1.1480804387568555,2417.0,2.209323583180987,34.09,-117.67,1.01
2.1719,17.0,28.6,4.945454545454545,142.0,2.581818181818182,36.86,-121.82,4.2
2.6694,18.0,5.3655462184873945,0.9831932773109243,674.0,2.831932773109244,37.11,-120.27,0.759
5.1701,23.0,5.809891808346213,0.9884080370942813,3827.0,2.957496136012365,37.68,-122.05,2.168
4.0955,22.0,4.888217522658611,1.0166163141993958,2034.0,3.0725075528700905,33.77,-117.98,1.742
3.9464,9.0,4.675257731958763,1.0670103092783505,619.0,3.1907216494845363,34.14,-117.96,1.796
2.1414,46.0,2.8577319587628867,0.9422680412371134,1845.0,3.804123711340206,34.05,-118.3,1.577
5.3681,26.0,6.048421052631579,1.0105263157894737,1915.0,4.031578947368421,34.28,-118.77,1.877
4.4063,20.0,5.900560224089636,1.0518207282913166,2071.0,2.9005602240896358,38.03,-121.34,1.308
2.375,4.0,4.504854368932039,1.0420711974110033,1784.0,5.773462783171521,38.0,-121.29,1.245
2.6597,38.0,4.336842105263158,0.9789473684210527,304.0,3.2,38.87,-121.69,0.86
3.6625,22.0,5.747474747474747,0.9966329966329966,822.0,2.7676767676767677,39.75,-121.87,1.266
3.6201,21.0,4.666219839142091,1.0831099195710456,1866.0,2.5013404825737267,34.11,-117.81,1.504
4.5368,37.0,5.720250521920668,1.0521920668058455,1468.0,3.0647181628392484,33.94,-118.32,1.688
3.9063,28.0,4.160847880299252,1.0660847880299251,1520.0,1.8952618453865338,37.82,-122.25,2.25
3.1287,50.0,4.467576791808874,1.030716723549488,883.0,3.013651877133106,34.13,-118.19,1.98
1.8977,35.0,5.245901639344262,1.1885245901639345,1723.0,2.824590163934426,32.67,-117.07,0.956
4.7404,31.0,4.956692913385827,1.0688976377952757,1107.0,2.1791338582677167,33.88,-118.36,2.958
2.625,51.0,5.387931034482759,1.0129310344827587,452.0,1.9482758620689655,38.56,-121.45,1.212
4.5658,33.0,5.74468085106383,1.2644376899696048,859.0,2.6109422492401215,33.62,-117.93,5.00001
12.4291,34.0,9.666666666666666,1.1218637992831542,810.0,2.903225806451613,37.58,-122.37,5.00001
2.9844,32.0,5.322033898305085,0.8983050847457628,682.0,2.889830508474576,37.48,-120.96,1.359
4.7143,26.0,5.940988835725678,0.9936204146730463,1516.0,2.4178628389154704,32.78,-117.07,2.683
3.024,17.0,6.4734513274336285,1.4955752212389382,529.0,2.34070796460177,38.33,-120.41,1.009
3.2031,21.0,4.610305958132045,1.1288244766505635,1489.0,2.397745571658615,33.91,-118.06,1.807
2.6466,14.0,4.893542757417103,1.024432809773124,1083.0,1.8900523560209423,38.04,-122.15,1.685
5.3774,22.0,7.019230769230769,1.0134615384615384,1637.0,3.148076923076923,37.38,-121.79,3.256
3.474,24.0,5.25095785440613,1.1053639846743295,1551.0,2.971264367816092,34.89,-116.99,0.705
2.5,23.0,4.902127659574468,1.1617021276595745,1077.0,4.582978723404255,33.63,-116.2,0.963
5.1619,36.0,5.2026666666666666,1.0533333333333332,1040.0,2.7733333333333334,34.25,-118.48,1.953
3.7266,16.0,4.702564102564103,1.0025641025641026,994.0,2.5487179487179485,38.47,-122.73,1.565
2.4931,32.0,4.316363636363636,1.0981818181818181,1003.0,3.6472727272727274,33.82,-117.9,1.669
3.1576,45.0,3.963924963924964,1.0086580086580086,1320.0,1.9047619047619047,37.78,-122.45,3.333
4.3393,43.0,5.071949947862357,1.013555787278415,3134.0,3.267987486965589,37.73,-122.39,2.173
5.9202,9.0,6.115131578947368,1.0098684210526316,947.0,3.1151315789473686,32.76,-116.92,1.813
2.267,17.0,5.5271149674620395,1.1648590021691974,1118.0,2.4251626898047722,40.89,-121.67,0.578
3.325,39.0,4.869426751592357,1.0955414012738853,913.0,2.9076433121019107,34.22,-118.44,1.782
6.1159,52.0,6.855614973262032,1.0106951871657754,431.0,2.304812834224599,34.14,-118.08,4.708
2.5863,30.0,5.027496382054993,1.0636758321273516,1674.0,2.422575976845152,34.04,-117.04,0.983
8.3605,33.0,7.161716171617162,1.0264026402640265,854.0,2.8184818481848186,37.28,-122.0,5.00001
3.9236,52.0,5.4951644100580275,1.0,1372.0,2.653771760154739,37.74,-122.48,3.35
8.3646,25.0,8.403940886699507,1.1206896551724137,1238.0,3.0492610837438425,38.04,-122.59,3.973
2.2292,45.0,4.773684210526316,0.9263157894736842,463.0,2.4368421052631577,38.79,-121.23,0.92
3.9187,25.0,5.07469244288225,1.0764499121265378,3580.0,3.145869947275923,37.31,-121.97,3.149
4.0313,36.0,6.330275229357798,0.963302752293578,299.0,2.743119266055046,37.75,-122.14,1.955
1.9013,36.0,4.232905982905983,1.0833333333333333,1998.0,4.269230769230769,37.64,-121.01,0.699
4.6,24.0,13.104166666666666,2.25,235.0,2.4479166666666665,38.92,-119.94,1.368
6.3191,36.0,6.680327868852459,1.0327868852459017,353.0,2.8934426229508197,37.35,-121.97,2.583
3.7784,25.0,5.928571428571429,1.0372670807453417,1043.0,3.239130434782609,32.95,-117.02,1.601
8.9571,33.0,7.210696920583469,1.0307941653160453,1684.0,2.7293354943273904,37.86,-122.18,3.997
4.73,45.0,5.922570016474465,1.0197693574958815,1686.0,2.7775947281713345,34.19,-118.14,2.01
3.9519,15.0,6.907496012759171,1.1148325358851674,2046.0,3.263157894736842,32.64,-116.99,1.935
2.9781,35.0,5.565537555228277,1.0471281296023565,2493.0,3.6715758468335786,38.0,-122.33,1.09
9.2463,39.0,8.12972972972973,1.0432432432432432,1240.0,3.3513513513513513,34.22,-118.21,5.00001
4.625,42.0,5.304878048780488,1.0365853658536586,546.0,3.3292682926829267,34.12,-118.0,1.738
4.25,43.0,4.176470588235294,0.9558823529411765,167.0,2.4558823529411766,33.82,-118.18,2.075
5.5875,3.0,6.875930521091812,1.0272952853598014,2506.0,3.109181141439206,34.07,-117.14,1.62
2.4135,48.0,4.207407407407407,1.0740740740740742,559.0,4.140740740740741,34.18,-118.16,1.357
3.84,42.0,4.315270935960591,1.064039408866995,713.0,3.5123152709359604,37.7,-122.46,2.359
4.7344,18.0,3.554655870445344,1.0323886639676114,384.0,1.5546558704453441,37.94,-122.53,2.0
4.0727,18.0,3.9578454332552693,1.079625292740047,2276.0,2.6651053864168617,33.9,-118.36,2.14
2.7137,7.0,4.700305810397554,1.2140672782874617,1816.0,2.776758409785933,34.27,-118.77,1.964
4.3145,31.0,6.465346534653466,1.0495049504950495,1021.0,3.3696369636963697,34.13,-117.85,2.33
2.375,48.0,3.6,0.9,485.0,4.409090909090909,34.01,-118.24,1.075
6.8109,35.0,6.71830985915493,0.9859154929577465,505.0,2.3708920187793425,33.95,-118.0,4.01
5.1014,15.0,6.578947368421052,1.0917559385188635,6456.0,3.0069864927806242,38.12,-122.22,1.795
6.7606,15.0,6.426356589147287,0.9870801033591732,2222.0,2.8708010335917313,37.51,-122.47,3.643
3.2115,14.0,3.36013986013986,1.0664335664335665,662.0,2.3146853146853146,34.44,-119.81,2.063
4.1573,19.0,6.162629757785467,1.0484429065743945,1677.0,2.9013840830449826,34.63,-118.18,2.281
3.0382,23.0,4.019723865877712,1.0670611439842208,4088.0,2.687705456936226,33.74,-117.83,1.836
5.1837,32.0,5.738489871086556,1.2173112338858194,1105.0,2.034990791896869,33.53,-117.77,4.456
2.85,38.0,3.2142857142857144,0.7678571428571429,246.0,4.392857142857143,33.93,-118.25,0.9
3.9688,17.0,5.163934426229508,0.9639344262295082,1857.0,3.044262295081967,38.41,-122.75,1.65
2.6321,21.0,4.132264529058117,1.0561122244488979,2162.0,2.1663326653306614,37.7,-122.13,2.231
3.65,49.0,3.769230769230769,0.9230769230769231,59.0,2.269230769230769,37.87,-121.23,1.625
4.5268,22.0,9.880898876404494,2.0921348314606742,1145.0,2.5730337078651684,34.21,-117.1,1.084
4.4821,33.0,6.22463768115942,1.0434782608695652,421.0,3.050724637681159,34.15,-117.94,2.201
5.6152,38.0,5.989510489510489,0.9965034965034965,779.0,2.7237762237762237,34.12,-118.09,3.599
3.6719,43.0,4.482084690553746,1.0504885993485342,1674.0,2.726384364820847,33.86,-118.18,1.613
3.8323,16.0,5.9978213507625275,1.0762527233115469,1414.0,3.0806100217864922,40.6,-122.25,1.283
2.8906,33.0,4.3408284023668635,1.02603550295858,2368.0,2.8023668639053256,33.89,-118.13,2.049
5.1104,30.0,5.280442804428044,1.003690036900369,1387.0,2.559040590405904,37.27,-121.93,2.781
4.0332,8.0,6.0476190476190474,1.3214285714285714,229.0,2.7261904761904763,34.82,-118.93,1.283
2.2857,14.0,2.4413145539906105,1.3708920187793427,282.0,1.323943661971831,34.06,-118.44,5.00001
1.9923,41.0,3.279373368146214,1.0626631853785902,855.0,2.2323759791122715,34.15,-118.14,5.00001
6.7599,31.0,6.18780487804878,0.9317073170731708,1067.0,2.602439024390244,37.54,-121.94,3.56
3.6949,4.0,5.733651226158038,1.1287465940054495,4631.0,3.154632152588556,35.14,-118.48,1.158
5.6917,18.0,6.062909567496724,1.0773263433813893,2794.0,3.6618610747051115,33.87,-118.04,2.751
2.4559,39.0,4.875502008032129,1.0040160642570282,660.0,2.6506024096385543,39.21,-122.01,0.75
4.3,32.0,5.740112994350283,1.073446327683616,729.0,4.11864406779661,33.92,-118.11,1.513
3.233,25.0,4.633587786259542,1.0729431721798135,3010.0,2.553011026293469,33.79,-118.16,1.991
2.9309,29.0,4.495388669301713,1.0895915678524375,1574.0,2.0737812911725957,36.61,-121.9,2.171
2.7634,37.0,1.4112903225806452,0.9879032258064516,1122.0,4.524193548387097,34.05,-118.27,1.375
1.4167,20.0,4.066666666666666,1.1238095238095238,402.0,3.8285714285714287,33.96,-118.18,1.375
2.6667,52.0,5.6521739130434785,1.038647342995169,604.0,2.917874396135266,37.34,-121.87,3.259
5.1488,31.0,6.296296296296297,0.9753086419753086,1017.0,2.511111111111111,32.8,-117.07,1.81
1.9875,19.0,6.6375,1.4,139.0,1.7375,38.29,-122.28,3.25
2.3917,30.0,3.5786516853932584,1.0524344569288389,2055.0,3.848314606741573,33.97,-118.2,1.546
5.1423,45.0,5.131578947368421,0.97953216374269,822.0,2.4035087719298245,34.16,-118.36,3.229
2.2552,14.0,2.4292929292929295,1.1691919191919191,2226.0,2.8106060606060606,34.07,-118.28,2.659
1.8333,47.0,3.832369942196532,1.02504816955684,1430.0,2.7552986512524087,34.04,-118.32,1.511
3.8281,3.0,7.980769230769231,1.3942307692307692,272.0,2.6153846153846154,33.52,-116.8,1.635
4.0668,14.0,4.7193460490463215,0.9305177111716622,2139.0,2.9141689373297,32.67,-117.04,1.375
5.0829,5.0,5.972014925373134,0.9925373134328358,2061.0,3.845149253731343,32.69,-117.03,1.794
4.9562,45.0,5.112359550561798,1.0337078651685394,394.0,4.426966292134831,33.82,-118.21,1.657
4.09,44.0,4.719424460431655,1.0035971223021583,668.0,2.402877697841727,34.27,-119.27,2.038
3.5179,12.0,5.021396396396397,1.045045045045045,2471.0,2.7826576576576576,33.04,-117.28,2.527
3.8897,38.0,5.572916666666667,1.1270833333333334,1378.0,2.870833333333333,37.99,-122.04,1.399
1.9439,17.0,3.6409155937052935,1.0543633762517883,1468.0,2.100143061516452,33.76,-117.99,1.777
3.6705,34.0,6.17515923566879,1.1305732484076434,817.0,2.6019108280254777,33.88,-117.95,2.75
7.0913,23.0,5.95,0.9088235294117647,678.0,1.9941176470588236,33.03,-117.06,2.654
4.0904,52.0,4.313868613138686,1.2627737226277371,353.0,2.576642335766423,37.77,-122.21,0.806
2.25,39.0,3.820441988950276,1.2679558011049723,677.0,1.8701657458563536,34.38,-119.69,2.813
3.0727,31.0,4.197685631629701,1.0771456123432979,2338.0,2.2545805207328833,34.14,-118.03,2.426
4.8295,37.0,5.51603498542274,1.0116618075801749,1039.0,3.0291545189504374,34.19,-118.52,2.121
4.2891,24.0,6.082191780821918,1.126027397260274,894.0,2.4493150684931506,38.42,-122.55,2.117
3.7,29.0,5.883076923076923,1.0338461538461539,859.0,2.643076923076923,40.19,-122.24,0.705
2.2361,46.0,4.4,1.075,101.0,2.525,38.02,-121.82,0.938
3.9917,25.0,5.576363636363636,1.0345454545454544,1602.0,2.9127272727272726,38.33,-122.82,2.441
2.905,37.0,5.044444444444444,1.0722222222222222,1400.0,2.5925925925925926,38.0,-121.81,0.973
3.4679,18.0,3.8483935742971886,1.0602409638554218,2192.0,2.2008032128514055,33.73,-117.98,2.197
2.3715,18.0,3.421338155515371,1.027124773960217,974.0,1.7613019891500905,37.29,-121.87,2.28
3.1711,39.0,5.683982683982684,1.3246753246753247,575.0,2.4891774891774894,38.01,-122.11,1.161
1.875,15.0,4.294117647058823,1.1490196078431372,1570.0,3.0784313725490198,36.61,-121.84,1.223
6.4313,17.0,6.548198636806232,1.0233690360272638,3439.0,3.3485881207400197,37.08,-121.56,3.931
2.3882,21.0,5.625766871165644,1.231083844580777,1496.0,3.0593047034764824,36.16,-119.35,0.492
2.7875,30.0,4.707423580786026,1.0633187772925765,1023.0,2.2336244541484715,36.99,-122.02,2.45
1.9375,40.0,4.766891891891892,0.9594594594594594,609.0,2.0574324324324325,36.78,-119.77,0.677
2.0,15.0,6.391156462585034,1.3979591836734695,755.0,2.568027210884354,36.89,-119.33,0.833
5.4088,39.0,6.543165467625899,1.0467625899280575,770.0,2.7697841726618706,34.18,-118.56,4.573
6.1309,52.0,6.578199052132701,1.009478672985782,513.0,2.4312796208530805,32.75,-117.19,4.116
1.1835,30.0,3.3505050505050504,1.0686868686868687,1794.0,1.812121212121212,38.1,-122.26,1.333
3.5909,52.0,5.488997555012225,1.039119804400978,1091.0,2.667481662591687,37.76,-122.49,3.312
6.0137,17.0,6.129251700680272,1.0147392290249433,2337.0,2.6496598639455784,34.24,-118.61,3.759
2.0405,44.0,3.62803738317757,1.0822429906542057,2049.0,3.829906542056075,34.04,-118.29,1.43
2.6678,34.0,5.076219512195122,1.1021341463414633,1592.0,2.426829268292683,32.77,-117.01,1.642
3.9792,33.0,7.193243243243243,1.1986486486486487,1670.0,2.2567567567567566,36.54,-121.92,4.68
3.168,17.0,4.165820642978003,1.0549915397631133,3080.0,2.6057529610829104,37.55,-121.97,1.894
3.8631,17.0,3.6359223300970873,1.1407766990291262,1382.0,2.236245954692557,33.82,-117.88,2.25
2.4322,12.0,5.105125977410947,1.0616854908774978,2992.0,2.5994787141615987,33.96,-116.97,1.121
2.375,17.0,4.238095238095238,0.9047619047619048,79.0,3.761904761904762,33.69,-116.18,1.55
2.5417,22.0,3.103448275862069,1.0251989389920424,2226.0,2.952254641909814,34.13,-118.25,2.175
4.2132,2.0,6.200305810397554,1.1238532110091743,1730.0,2.6452599388379205,36.83,-119.88,0.965
5.1782,23.0,6.564476885644769,0.9975669099756691,1094.0,2.661800486618005,32.8,-117.07,1.951
3.475,11.0,5.549222797927461,1.0949913644214162,1975.0,3.4110535405872193,33.03,-116.9,1.672
6.6053,52.0,6.654708520179372,1.0044843049327354,498.0,2.233183856502242,32.77,-117.11,3.314
3.9395,33.0,4.9409221902017295,0.9812680115273775,1798.0,2.590778097982709,37.67,-122.12,1.847
3.6667,47.0,4.3399602385685885,1.0139165009940359,1445.0,2.8727634194831015,34.11,-118.26,2.109
4.2857,52.0,5.4043887147335425,1.29153605015674,540.0,1.6927899686520376,37.8,-122.44,5.00001
1.5972,44.0,4.68299711815562,1.1296829971181557,944.0,2.7204610951008648,40.58,-122.39,0.689
3.2095,50.0,4.390334572490707,0.9851301115241635,1196.0,4.446096654275093,34.29,-118.43,1.67
2.2883,33.0,3.9787472035794185,1.0,2659.0,2.9742729306487696,38.14,-121.27,0.869
3.5,16.0,9.308383233532934,1.7125748502994012,885.0,2.6497005988023954,38.9,-119.98,1.347
3.9647,12.0,5.629518072289157,1.069277108433735,2337.0,3.519578313253012,36.14,-121.2,1.35
6.5254,38.0,6.821510297482837,0.988558352402746,1063.0,2.4324942791762014,34.18,-117.99,3.65
2.9133,4.0,5.376395534290271,1.2328548644338118,1481.0,2.3620414673046253,33.18,-117.27,2.157
4.4118,31.0,4.606512890094979,1.0067842605156039,1886.0,2.559023066485753,33.93,-118.01,1.744
3.5909,25.0,4.055806938159879,1.0844645550527903,1229.0,1.8536953242835597,34.05,-118.47,5.00001
2.9389,18.0,4.308965517241379,1.0979310344827586,1855.0,2.5586206896551724,34.21,-118.53,2.132
4.5833,28.0,6.292117465224111,1.1020092735703246,2033.0,3.142194744976816,37.96,-122.0,1.907
2.8229,16.0,4.700389105058366,1.0992217898832686,1750.0,3.404669260700389,34.06,-118.11,1.637
2.9167,39.0,4.544776119402985,1.0820895522388059,690.0,5.149253731343284,34.03,-118.18,1.458
5.2101,18.0,5.8173076923076925,1.0552884615384615,1278.0,3.0721153846153846,37.08,-122.14,3.34
3.5649,23.0,3.695150115473441,1.0473441108545034,2029.0,2.3429561200923787,37.38,-122.05,4.5
2.5909,17.0,4.871478873239437,1.028169014084507,1275.0,2.244718309859155,38.66,-121.33,1.254
4.3081,20.0,4.198609731876862,0.9990069513406157,2334.0,2.3177755710029793,37.3,-121.96,2.273
2.8622,26.0,4.516501650165017,1.0132013201320131,1877.0,3.097359735973597,33.79,-117.92,1.843
3.0833,44.0,5.116704805491991,0.9405034324942791,1036.0,2.3707093821510297,35.29,-120.67,2.193
3.9844,26.0,4.946043165467626,1.0287769784172662,829.0,2.9820143884892087,33.88,-118.36,2.307
3.9766,14.0,6.58664546899841,1.0429252782193958,1569.0,2.494435612082671,38.44,-122.78,3.453
1.8396,44.0,4.775628626692456,1.0986460348162477,1363.0,2.6363636363636362,34.13,-117.28,0.771
2.875,37.0,4.976119402985074,1.0805970149253732,971.0,2.8985074626865672,35.37,-118.94,0.574
4.7734,41.0,6.572549019607843,1.031372549019608,757.0,2.9686274509803923,34.21,-118.21,4.508
2.7451,42.0,4.295285359801489,1.0794044665012408,866.0,2.1488833746898264,33.73,-118.3,2.554
2.1902,37.0,3.1340996168582373,1.0306513409961686,576.0,2.206896551724138,37.33,-121.94,2.5
1.043,36.0,4.320588235294117,1.1764705882352942,1271.0,3.738235294117647,32.69,-117.13,0.901
3.2285,33.0,4.267339218158891,1.0327868852459017,2626.0,3.3114754098360657,37.57,-122.32,2.348
1.1346,17.0,1.8680738786279683,1.02726473175022,3915.0,3.4432717678100264,34.06,-118.27,1.375
7.2628,21.0,6.1063829787234045,0.9297872340425531,1671.0,3.5553191489361704,33.86,-118.04,3.227
3.0685,13.0,8.149572649572649,2.324786324786325,575.0,2.4572649572649574,37.64,-118.97,1.625
2.625,11.0,3.6,0.8,150.0,7.5,34.02,-118.48,2.5
3.575,51.0,6.060402684563758,1.080536912751678,709.0,2.379194630872483,33.96,-117.4,1.255
6.135,11.0,6.622727272727273,1.0287878787878788,1790.0,2.712121212121212,37.98,-122.11,2.973
2.8594,22.0,4.715214564369311,1.071521456436931,1800.0,2.340702210663199,32.76,-117.01,1.896
3.1389,31.0,5.374631268436578,1.1002949852507375,2229.0,3.2876106194690267,38.02,-121.87,1.178
4.2136,26.0,4.69683908045977,1.132183908045977,1427.0,2.050287356321839,37.33,-121.96,2.883
2.7993,37.0,4.422062350119904,0.9160671462829736,1634.0,3.918465227817746,37.47,-122.15,1.455
1.4565,20.0,3.3309352517985613,1.0,1712.0,3.079136690647482,33.78,-118.18,1.525
3.5096,34.0,5.1525,0.9775,1169.0,2.9225,32.73,-117.03,1.42
6.5501,22.0,6.868068833652008,1.0076481835564053,1598.0,3.0554493307839388,33.65,-117.98,2.949
1.6932,37.0,4.661971830985915,1.1070422535211268,841.0,2.369014084507042,38.54,-121.49,0.784
5.9401,34.0,6.226950354609929,0.9739952718676123,1114.0,2.6335697399527187,34.24,-118.5,3.153
4.3962,11.0,7.306581059390048,1.0256821829855538,2006.0,3.219903691813804,38.75,-121.21,2.644
4.8424,23.0,5.381188118811881,1.0226308345120225,6034.0,4.267326732673268,37.34,-121.82,1.953
4.7009,22.0,4.652096342551293,1.064228367528992,2048.0,1.8269402319357717,34.05,-118.47,5.00001
2.8548,6.0,8.095914742451155,1.4280639431616342,1543.0,2.7406749555950265,34.7,-118.09,1.385
4.375,47.0,5.761467889908257,0.9954128440366973,570.0,2.614678899082569,37.77,-122.16,1.619
6.7181,15.0,7.199438202247191,0.9410112359550562,1080.0,3.033707865168539,36.83,-119.85,1.603
3.8292,21.0,5.763527054108216,1.0801603206412826,1387.0,2.779559118236473,33.1,-117.09,1.77
2.9375,17.0,5.021396396396397,1.063063063063063,1812.0,2.0405405405405403,38.16,-122.25,1.067
2.774,22.0,5.114023591087811,1.1074705111402359,1870.0,2.450851900393185,38.61,-121.32,1.902
2.3243,27.0,6.34718826405868,1.0635696821515892,1100.0,2.6894865525672373,39.38,-121.74,0.855
3.1875,5.0,5.3788927335640135,1.0968858131487889,1823.0,3.1539792387543253,33.24,-117.29,1.538
5.1408,36.0,4.12303664921466,0.9921465968586387,1036.0,2.712041884816754,37.4,-122.09,2.647
2.7863,19.0,5.668817204301075,1.124731182795699,1184.0,2.546236559139785,39.79,-121.58,1.086
3.6548,29.0,4.6434540389972145,0.9916434540389972,2919.0,4.0654596100278555,34.3,-118.42,1.803
1.9093,13.0,4.779327317473339,1.1575061525840853,2244.0,1.840853158326497,38.68,-121.33,1.429
5.7654,35.0,5.755474452554744,1.0182481751824817,743.0,2.7116788321167884,33.84,-118.36,3.43
8.5326,7.0,8.469738030713641,1.066847335140018,3570.0,3.2249322493224932,33.92,-117.36,3.152
1.9119,43.0,3.3110687022900764,1.0209923664122138,2288.0,4.366412213740458,33.97,-118.25,0.988
4.105,42.0,5.475935828877005,1.0213903743315509,483.0,2.5828877005347595,33.79,-117.86,1.945
3.3801,20.0,4.186991869918699,1.0867208672086721,2109.0,2.8577235772357725,34.1,-118.11,1.925
3.4327,35.0,5.883333333333334,1.038888888888889,1108.0,3.077777777777778,34.69,-118.14,1.003
4.1661,31.0,5.296570898980537,1.0695088044485634,2639.0,2.4457831325301207,34.11,-118.16,3.644
4.1591,27.0,5.381834215167548,1.101410934744268,3026.0,2.6684303350970016,37.55,-122.0,3.324
2.7237,20.0,3.6715686274509802,1.1151960784313726,4826.0,2.957107843137255,34.19,-118.46,2.335
4.2583,35.0,6.03954802259887,1.0833333333333333,3295.0,4.653954802259887,34.17,-119.19,1.873
1.5064,42.0,4.3858615611192935,1.0220913107511045,1879.0,2.767304860088365,39.72,-121.82,0.663
3.2083,44.0,4.5698630136986305,1.0410958904109588,1143.0,3.1315068493150684,37.35,-121.89,1.819
3.8426,16.0,4.70694087403599,1.0025706940874035,1347.0,3.462724935732648,33.85,-118.03,3.444
7.5402,13.0,8.393103448275863,1.0689655172413792,1311.0,3.013793103448276,33.08,-117.25,3.403
2.4866,26.0,4.671610169491525,1.0127118644067796,1730.0,3.6652542372881354,37.96,-121.25,0.683
3.625,25.0,5.405172413793103,1.0377155172413792,2133.0,2.2984913793103448,36.82,-119.78,0.895
5.0464,17.0,6.0130151843817785,0.9739696312364425,1685.0,3.6550976138828633,33.87,-117.58,1.639
3.6786,27.0,5.929078014184397,1.0602836879432624,757.0,2.6843971631205674,38.64,-121.37,1.597
3.2021,45.0,5.281437125748503,1.2005988023952097,679.0,2.032934131736527,33.99,-118.35,2.221
10.7397,46.0,7.460992907801418,1.016548463356974,1109.0,2.6217494089834514,34.12,-118.13,5.00001
3.5104,29.0,26.465968586387433,5.424083769633508,410.0,2.1465968586387434,34.3,-116.99,1.571
6.448,30.0,6.641025641025641,0.967948717948718,467.0,2.9935897435897436,37.34,-122.02,3.606
4.2222,18.0,6.436314363143631,1.1626016260162602,1048.0,2.8401084010840107,34.64,-120.08,3.75
6.3403,34.0,5.1923076923076925,1.0288461538461537,213.0,2.048076923076923,33.88,-118.41,5.00001
3.8,42.0,4.38974358974359,0.8564102564102564,748.0,3.835897435897436,33.91,-118.17,1.458
2.7,29.0,6.986301369863014,1.1506849315068493,236.0,3.232876712328767,35.55,-119.36,1.25
0.7473,22.0,3.116650987770461,1.1618062088428975,2381.0,2.239887111947319,34.03,-118.29,1.688
2.5156,49.0,4.136246786632391,0.9537275064267352,896.0,2.303341902313625,34.02,-118.34,1.366
2.5455,47.0,3.1946902654867255,1.0398230088495575,930.0,4.115044247787611,34.05,-118.21,1.143
4.8359,25.0,6.602316602316602,1.111969111969112,799.0,3.0849420849420848,38.0,-121.83,1.453
4.4728,17.0,6.042857142857143,1.0464285714285715,934.0,3.335714285714286,33.73,-117.92,2.058
7.6986,23.0,7.141501294219155,1.1130284728213977,3176.0,2.740293356341674,33.75,-118.38,5.00001
1.2344,52.0,5.316602316602316,1.2316602316602316,1280.0,4.942084942084942,36.73,-119.78,0.433
2.2407,38.0,5.219858156028369,1.0815602836879432,670.0,2.375886524822695,35.35,-119.02,0.76
3.4107,42.0,3.929606625258799,1.010351966873706,940.0,1.9461697722567288,33.78,-118.14,2.333
6.917,38.0,6.890710382513661,0.9672131147540983,472.0,2.579234972677596,37.87,-122.17,4.38
2.2031,36.0,4.170068027210885,1.129251700680272,425.0,2.891156462585034,38.57,-121.51,0.938
4.8839,16.0,5.802486187845304,1.0856353591160222,1667.0,2.302486187845304,35.34,-119.07,1.341
3.1071,40.0,4.915354330708661,1.0236220472440944,1275.0,2.5098425196850394,36.67,-121.66,1.931
3.3536,17.0,4.2419962335216574,1.073446327683616,2111.0,1.987758945386064,33.15,-117.34,2.833
2.4297,33.0,3.9565972222222223,1.0260416666666667,1250.0,2.170138888888889,32.76,-117.12,1.39
3.9615,45.0,4.361746361746362,1.0103950103950103,1343.0,2.7920997920997923,34.02,-118.38,2.686
4.6563,52.0,3.4814814814814814,0.8888888888888888,113.0,4.185185185185185,37.79,-122.39,3.5
3.0602,29.0,6.246212121212121,1.2954545454545454,671.0,2.5416666666666665,35.2,-119.93,0.698
2.2019,24.0,4.967320261437909,1.0947712418300655,882.0,2.8823529411764706,37.07,-120.84,1.0
4.1883,15.0,5.341908713692946,1.0771784232365145,2805.0,2.327800829875519,33.96,-117.34,1.845
2.9939,31.0,4.560553633217993,1.0761245674740485,1164.0,4.027681660899654,34.08,-118.18,1.355
3.8687,11.0,4.663424124513619,1.017509727626459,1566.0,3.046692607003891,32.71,-117.06,1.452
2.0657,35.0,5.105982905982906,0.9880341880341881,1581.0,2.7025641025641027,40.88,-124.1,0.811
2.7477,52.0,4.333333333333333,1.1387163561076605,918.0,1.9006211180124224,37.81,-122.24,2.438
6.2047,16.0,6.55625,0.9625,467.0,2.91875,32.83,-117.1,2.481
2.3929,30.0,3.0,1.0833333333333333,220.0,4.583333333333333,32.59,-117.08,1.344
3.5507,24.0,5.121052631578947,1.0526315789473684,718.0,1.8894736842105264,38.3,-122.45,2.579
4.0625,48.0,5.961538461538462,1.0532544378698225,1020.0,3.0177514792899407,33.96,-118.31,1.387
1.4012,52.0,3.105714285714286,1.06,3337.0,9.534285714285714,37.87,-122.26,1.75
8.7172,32.0,7.693430656934306,1.1277372262773722,769.0,2.8065693430656933,34.16,-118.48,5.00001
2.6902,15.0,5.087064676616915,1.1467661691542288,1121.0,2.788557213930348,40.43,-120.57,0.715
3.692,46.0,5.67479674796748,1.1951219512195121,608.0,2.4715447154471546,34.16,-118.34,2.445
2.2827,48.0,5.049586776859504,1.0909090909090908,947.0,2.608815426997245,35.36,-119.02,0.7
3.7837,14.0,4.275177304964539,1.0070921985815602,2165.0,3.0709219858156027,32.91,-117.14,1.603
3.337,35.0,5.320537428023033,1.0307101727447217,1392.0,2.671785028790787,32.82,-117.2,1.723
1.8575,27.0,4.247663551401869,1.0724299065420562,1182.0,2.7616822429906542,38.12,-121.26,0.738
6.0368,22.0,6.611336032388664,1.0708502024291497,1595.0,3.2287449392712553,34.29,-118.72,2.48
2.0162,28.0,3.6154639175257732,0.9989690721649485,3740.0,3.8556701030927836,33.96,-118.19,1.42
4.6957,41.0,4.880459770114943,0.9770114942528736,1032.0,2.372413793103448,37.37,-122.03,2.848
5.3441,21.0,7.005,1.03,1620.0,2.7,32.81,-117.01,1.935
4.7344,50.0,5.416851441241685,1.0953436807095345,947.0,2.0997782705099777,34.13,-118.15,3.147
2.4827,6.0,4.622371740958789,1.1555929352396972,2502.0,2.1042893187552565,38.36,-122.69,1.775
1.6513,37.0,4.5,1.2755102040816326,390.0,3.979591836734694,33.95,-118.24,0.902
4.412,8.0,5.548330404217926,0.9824253075571178,1758.0,3.0896309314586996,38.35,-121.94,1.401
4.065,6.0,6.347670250896058,1.050179211469534,935.0,3.3512544802867383,33.82,-117.08,1.482
2.9414,20.0,4.6776470588235295,0.9976470588235294,1277.0,3.0047058823529413,33.77,-117.97,1.622
7.7785,13.0,7.96969696969697,1.025974025974026,833.0,3.606060606060606,34.25,-118.78,4.047
3.8239,34.0,5.242703533026114,1.064516129032258,2223.0,3.414746543778802,34.21,-119.19,2.082
6.2547,49.0,5.163461538461538,0.8173076923076923,403.0,1.9375,34.16,-118.32,3.667
6.7449,44.0,7.690476190476191,1.1156462585034013,763.0,2.5952380952380953,34.45,-119.73,4.156
2.1411,10.0,10.529500756429652,2.249621785173979,1130.0,1.7095310136157338,33.79,-116.46,1.364
3.3594,28.0,5.729903536977492,1.0739549839228295,873.0,2.807073954983923,40.2,-122.17,0.791
4.0227,26.0,5.889655172413793,1.0310344827586206,911.0,3.1413793103448278,38.72,-121.47,0.998
3.75,29.0,5.318840579710145,1.1231884057971016,1390.0,5.036231884057971,34.04,-117.98,1.906
2.5962,45.0,4.442424242424242,1.0787878787878789,715.0,4.333333333333333,34.05,-118.17,1.241
4.775,52.0,6.535603715170279,0.9597523219814241,772.0,2.390092879256966,38.11,-122.24,1.482
1.8984,19.0,4.306513409961686,1.1111111111111112,598.0,2.2911877394636013,35.65,-117.81,0.543
6.3688,30.0,5.589743589743589,0.9461538461538461,1050.0,2.6923076923076925,34.24,-118.27,2.776
4.0846,52.0,4.821316614420063,0.9561128526645768,819.0,2.5673981191222572,37.74,-122.47,3.336
3.527,17.0,3.592995169082126,1.1690821256038648,1453.0,1.7548309178743962,37.72,-122.54,3.189
2.3882,47.0,4.364085667215815,1.126853377265239,2374.0,3.911037891268534,33.98,-118.34,1.377
1.5329,39.0,4.263285024154589,1.0,1056.0,2.550724637681159,37.98,-121.25,0.483
3.6806,22.0,4.666666666666667,0.9629629629629629,196.0,2.419753086419753,33.76,-117.84,2.194
6.2734,14.0,6.549701046337818,1.0280269058295963,8380.0,3.131539611360239,33.99,-117.83,2.67
4.75,52.0,4.831896551724138,0.9892241379310345,751.0,1.6185344827586208,37.76,-122.43,5.00001
3.2917,42.0,8.062893081761006,1.2452830188679245,451.0,2.8364779874213837,39.1,-121.83,0.979
3.7794,39.0,4.08550185873606,0.9776951672862454,787.0,2.925650557620818,34.04,-118.15,1.946
2.75,27.0,5.003086419753086,0.9969135802469136,882.0,2.7222222222222223,36.55,-119.43,0.935
5.806,25.0,5.4858934169279,1.0689655172413792,999.0,3.1316614420062696,37.4,-122.08,3.087
7.1264,34.0,4.261904761904762,1.0357142857142858,162.0,1.9285714285714286,33.86,-118.43,5.00001
5.5677,16.0,6.2719665271966525,0.9707112970711297,918.0,3.8410041841004183,34.03,-117.6,1.754
2.364,21.0,4.817097415506958,1.1133200795228628,1098.0,2.182902584493042,38.29,-122.46,1.733
3.875,33.0,3.021276595744681,0.6595744680851063,575.0,12.23404255319149,37.78,-122.18,2.25
3.2,35.0,4.627450980392157,0.9477124183006536,471.0,3.0784313725490198,33.97,-118.12,1.974
1.625,48.0,2.31055900621118,1.0848861283643891,1610.0,3.3333333333333335,34.1,-118.33,2.375
3.6375,24.0,4.9390581717451525,1.059556786703601,1697.0,2.350415512465374,32.78,-117.16,1.786
4.625,49.0,5.478927203065134,1.0574712643678161,1178.0,2.256704980842912,37.98,-122.57,3.55
5.7039,19.0,5.674285714285714,0.9942857142857143,572.0,3.2685714285714287,33.85,-118.1,2.776
2.1766,36.0,2.8355555555555556,1.1177777777777778,1502.0,3.3377777777777777,34.08,-118.3,2.056
2.1638,39.0,3.776349614395887,1.1079691516709511,1464.0,3.763496143958869,37.79,-122.24,1.055
4.5208,5.0,3.5477386934673367,1.020100502512563,839.0,4.21608040201005,33.99,-118.23,1.65
5.2051,13.0,6.842443729903537,0.9951768488745981,1948.0,3.1318327974276525,38.68,-121.26,1.674
3.3333,40.0,4.668498168498169,1.0824175824175823,1156.0,2.1172161172161172,34.16,-118.24,3.743
4.3819,25.0,4.996638655462185,1.0453781512605043,1413.0,2.3747899159663866,37.7,-122.1,2.092
3.4583,52.0,4.421568627450981,0.8954248366013072,852.0,2.784313725490196,34.16,-118.11,2.399
4.0,49.0,6.866295264623956,1.0362116991643453,1018.0,2.8356545961002784,34.0,-118.34,2.968
3.8935,27.0,4.8406113537117905,1.1353711790393013,806.0,1.759825327510917,33.98,-118.46,5.00001
2.3087,52.0,4.038759689922481,1.065891472868217,1438.0,2.7868217054263567,37.74,-122.42,2.586
3.55,20.0,6.138823529411765,1.128235294117647,2302.0,2.708235294117647,34.12,-118.05,4.767
1.947,24.0,5.0,1.1685393258426966,1180.0,4.419475655430712,36.77,-120.41,0.689
2.7596,32.0,4.969418960244648,1.0244648318042813,1212.0,3.706422018348624,33.97,-117.36,0.822
1.6007,17.0,3.6099290780141846,1.1891252955082743,688.0,1.6264775413711583,34.27,-119.3,1.875
1.7235,31.0,3.9306049822064058,1.1316725978647686,1314.0,2.3380782918149468,34.12,-117.27,0.788
4.7944,3.0,7.497267759562842,1.169398907103825,1223.0,3.341530054644809,33.61,-117.16,2.153
2.7734,23.0,5.102827763496144,1.0899742930591259,1198.0,3.0796915167095116,37.79,-121.23,1.168
6.7644,19.0,6.825454545454545,1.069090909090909,1692.0,3.076363636363636,37.0,-121.68,4.126
3.5625,24.0,5.424920127795527,1.099041533546326,927.0,2.961661341853035,37.8,-121.2,1.308
4.4356,3.0,5.9676470588235295,0.9882352941176471,1003.0,2.95,36.83,-119.67,1.113
4.0473,5.0,4.851305334846765,1.3087400681044268,1503.0,1.706015891032917,37.93,-122.05,2.665
2.895,49.0,3.758771929824561,0.8596491228070176,694.0,3.043859649122807,33.99,-118.31,1.08
4.125,30.0,5.384615384615385,2.923076923076923,20.0,1.5384615384615385,38.92,-122.65,1.125
5.269,36.0,6.090909090909091,1.0,676.0,2.9264069264069263,33.84,-118.34,3.319
4.7543,27.0,5.3568,1.112,1545.0,2.472,33.87,-118.31,2.963
4.3906,19.0,5.695488721804511,0.9511278195488722,975.0,3.6654135338345863,36.92,-121.78,2.412
5.0029,26.0,5.72626931567329,0.9845474613686535,2341.0,2.5838852097130243,38.1,-122.55,2.556
4.5893,39.0,5.711688311688311,1.0077922077922077,1025.0,2.6623376623376624,37.95,-122.07,1.9
3.8571,42.0,5.132780082987552,0.9626556016597511,900.0,3.7344398340248963,37.37,-121.84,1.875
4.0417,34.0,7.040816326530612,1.2142857142857142,784.0,2.6666666666666665,37.96,-122.32,1.828
2.6172,40.0,4.4520547945205475,1.1621004566210045,1038.0,2.3698630136986303,34.15,-118.11,1.961
3.1507,6.0,4.838483146067416,1.1896067415730338,2467.0,3.4648876404494384,33.91,-118.16,1.44
5.6582,34.0,6.092250922509225,1.007380073800738,650.0,2.3985239852398523,32.95,-117.26,5.00001
1.4015,35.0,4.098591549295775,0.9753521126760564,992.0,3.492957746478873,35.35,-119.0,0.487
6.2073,31.0,5.934020618556701,0.9855670103092784,1276.0,2.6309278350515464,37.58,-121.99,2.825
4.7143,35.0,6.103092783505154,1.0309278350515463,572.0,2.948453608247423,37.65,-122.09,1.938
2.4848,35.0,4.760416666666667,1.0354166666666667,1738.0,3.620833333333333,35.36,-118.96,0.54
4.9444,12.0,12.447368421052632,2.210526315789474,1179.0,2.068421052631579,33.79,-116.42,2.85
4.8456,35.0,5.968036529680365,1.1232876712328768,672.0,3.0684931506849313,33.92,-118.31,1.464
4.5333,21.0,4.95970695970696,1.0586080586080586,639.0,2.340659340659341,37.25,-121.93,2.342
3.4227,26.0,3.748283752860412,1.045766590389016,1155.0,2.643020594965675,34.11,-118.19,1.438
5.2596,16.0,6.056710775047259,1.0226843100189036,1818.0,3.436672967863894,33.02,-116.88,1.715
2.2574,37.0,4.702576112412178,1.0913348946135832,1261.0,2.9531615925058547,38.52,-121.5,0.591
4.2171,32.0,4.1243432574430825,1.021015761821366,1605.0,2.810858143607706,33.89,-118.29,2.182
1.4886,52.0,4.862745098039215,1.3333333333333333,124.0,2.4313725490196076,37.76,-122.38,4.5
1.448,37.0,4.327433628318584,1.0265486725663717,1316.0,3.882005899705015,34.06,-117.19,0.728
2.2925,44.0,4.669329073482428,1.0527156549520766,1371.0,2.1900958466453675,39.73,-121.82,0.858
6.626,51.0,5.5322128851540615,0.9747899159663865,771.0,2.1596638655462184,34.04,-118.42,5.00001
5.9572,17.0,5.670384138785626,1.0086741016109046,1941.0,2.4052044609665426,37.55,-122.26,4.438
6.0889,22.0,6.494103773584905,0.9917452830188679,2785.0,3.2841981132075473,37.23,-121.83,2.452
2.6299,35.0,4.042402826855124,1.0901060070671378,2222.0,3.9257950530035335,34.22,-118.46,1.707
6.4745,8.0,8.052173913043479,1.085217391304348,2048.0,3.5617391304347827,32.73,-116.91,3.003
2.2328,34.0,3.226973684210526,1.0296052631578947,508.0,1.6710526315789473,32.75,-117.28,2.667
3.6118,34.0,5.459363957597173,1.047703180212014,1588.0,2.8056537102473498,38.0,-121.79,1.247
3.4612,36.0,4.80241935483871,1.0725806451612903,718.0,2.8951612903225805,34.22,-118.44,1.788
4.1292,28.0,3.9095238095238094,1.0333333333333334,1575.0,3.75,33.82,-118.27,2.019
3.5125,38.0,4.445972495088409,1.0255402750491158,1027.0,2.017681728880157,37.9,-122.3,2.242
3.2734,32.0,4.239583333333333,1.08125,2282.0,4.754166666666666,33.92,-118.18,1.364
2.19,35.0,4.206806282722513,1.0026178010471205,1407.0,3.683246073298429,36.75,-119.76,0.534
2.2917,34.0,4.367857142857143,1.0035714285714286,824.0,2.942857142857143,37.74,-122.17,0.925
6.115,19.0,7.6452599388379205,1.0122324159021407,1027.0,3.140672782874618,33.68,-117.78,3.156
1.3897,38.0,3.5522388059701493,1.0746268656716418,191.0,2.8507462686567164,36.61,-121.85,1.25
3.925,14.0,4.874493927125506,0.9190283400809717,633.0,2.562753036437247,36.32,-119.34,0.838
6.6756,52.0,7.403800475059382,1.1116389548693586,1114.0,2.646080760095012,37.44,-122.14,5.00001
2.5259,30.0,5.508108108108108,1.037837837837838,501.0,2.708108108108108,39.33,-121.8,0.813
2.0469,15.0,4.826666666666667,1.176,1157.0,3.0853333333333333,39.08,-121.53,0.551
7.978,5.0,7.995495495495495,1.054054054054054,726.0,3.27027027027027,34.04,-117.24,2.239
4.4015,36.0,4.978125,1.04375,1427.0,4.459375,33.82,-118.27,1.669
6.1922,29.0,6.7465753424657535,1.0,2634.0,2.5772994129158513,37.94,-122.09,2.732
4.6554,11.0,5.975945017182131,1.0103092783505154,1693.0,2.90893470790378,34.62,-120.08,2.723
1.8571,16.0,6.424924924924925,1.427927927927928,1596.0,2.3963963963963963,38.99,-122.65,0.759
5.5951,44.0,6.618374558303887,1.010600706713781,635.0,2.243816254416961,34.04,-118.39,4.613
4.0125,37.0,5.738589211618257,1.0746887966804979,808.0,3.3526970954356847,37.61,-122.03,1.614
2.8542,37.0,5.253731343283582,0.9701492537313433,238.0,3.5522388059701493,38.84,-121.81,2.75
2.8237,34.0,5.203821656050955,1.019108280254777,1906.0,3.035031847133758,38.12,-121.28,1.107
3.3989,25.0,3.8832913518052057,1.0973971452560873,1739.0,1.4601175482787574,34.08,-118.38,4.85
2.2277,26.0,5.214797136038186,1.0381861575178997,1108.0,2.6443914081145583,36.07,-119.04,0.78
4.1563,4.0,5.645833333333333,0.9851190476190477,915.0,2.7232142857142856,34.66,-120.48,1.726
2.5,35.0,3.36697247706422,1.036697247706422,398.0,3.6513761467889907,37.47,-122.22,1.667
6.9021,33.0,5.520775623268698,1.0277008310249307,918.0,2.542936288088643,33.87,-118.38,3.376
2.3295,42.0,5.46749226006192,1.065015479876161,1084.0,3.3560371517027865,36.97,-120.55,0.744
4.32,29.0,4.788643533123029,0.9842271293375394,1086.0,3.4258675078864353,33.76,-117.98,1.969
4.4091,37.0,5.4171597633136095,1.0532544378698225,925.0,2.7366863905325443,33.93,-118.33,1.484
3.2663,37.0,4.104868913857678,0.9737827715355806,490.0,1.8352059925093633,32.8,-117.25,2.706
2.6447,22.0,7.595588235294118,1.7058823529411764,442.0,3.25,36.23,-118.74,1.375
3.9864,12.0,5.2558575445173386,0.9831302717900656,2595.0,2.4320524835988753,37.71,-121.73,2.002
2.165,34.0,5.304950495049505,1.0554455445544555,1287.0,2.5485148514851486,39.53,-122.19,0.587
5.4193,17.0,5.789340101522843,0.9111675126903553,1226.0,3.1116751269035534,37.23,-121.79,2.595
2.7083,52.0,4.756302521008403,0.9222689075630253,1403.0,2.947478991596639,38.02,-121.87,0.994
6.2079,12.0,6.2322097378277155,0.9737827715355806,2106.0,2.6292134831460676,33.24,-117.2,3.073
1.4833,23.0,4.799307958477509,1.1245674740484428,640.0,2.2145328719723185,39.53,-121.65,0.652
2.3393,48.0,5.148148148148148,1.0509259259259258,583.0,2.699074074074074,37.96,-121.31,0.776
1.7132,38.0,4.408740359897172,1.06426735218509,1714.0,4.406169665809768,34.0,-118.24,1.082
6.1464,34.0,6.309255079006772,1.0383747178329572,1267.0,2.860045146726862,34.25,-118.35,3.544
3.7232,31.0,4.360114777618365,1.06025824964132,1199.0,1.7202295552367288,33.78,-118.13,5.00001
1.858,23.0,3.9012048192771083,1.0771084337349397,1025.0,2.4698795180722892,32.64,-117.11,0.675
2.8071,14.0,6.011834319526627,1.2958579881656804,443.0,2.621301775147929,33.48,-116.89,1.375
3.2578,38.0,4.408510638297872,0.9617021276595744,1058.0,4.502127659574468,34.07,-118.09,1.842
3.9227,24.0,5.034345047923322,1.0199680511182108,3728.0,2.977635782747604,33.84,-118.27,2.086
3.6625,45.0,4.850877192982456,0.9868421052631579,595.0,2.6096491228070176,34.19,-118.41,1.907
3.2792,40.0,4.452975047984645,1.0786948176583493,1499.0,2.8771593090211134,37.76,-122.51,2.608
2.0938,39.0,5.59433962264151,1.1226415094339623,539.0,2.542452830188679,40.59,-124.15,0.796
5.1781,3.0,7.107116104868914,1.0614232209737828,4095.0,3.067415730337079,38.39,-121.98,1.919
3.0739,16.0,5.835051546391752,1.0309278350515463,731.0,2.5120274914089347,39.04,-121.41,0.872
4.5987,12.0,6.527646129541864,1.1216429699842023,2087.0,3.296998420221169,38.26,-122.01,1.397
3.6107,13.0,5.261096605744125,0.9712793733681462,2248.0,2.9347258485639687,37.8,-121.0,1.413
2.7708,34.0,4.345549738219895,1.0785340314136125,1678.0,4.392670157068062,34.09,-118.21,1.482
2.1637,46.0,2.005701254275941,1.153933865450399,2716.0,3.096921322690992,34.06,-118.29,3.5
3.3987,37.0,5.700869565217391,1.0834782608695652,1431.0,2.488695652173913,38.14,-121.28,0.995
3.225,21.0,4.514869888475836,1.0762081784386617,1011.0,1.879182156133829,32.8,-117.23,2.294
1.9937,33.0,3.8792372881355934,1.0296610169491525,1625.0,3.4427966101694913,34.06,-117.76,1.036
1.5536,20.0,5.690196078431373,1.5137254901960784,467.0,1.8313725490196078,38.96,-119.94,2.125
3.125,19.0,6.517667844522968,1.137809187279152,1544.0,2.7279151943462896,41.43,-122.49,0.761
3.2083,46.0,4.495967741935484,1.0,543.0,2.189516129032258,37.39,-122.08,3.343
5.22,18.0,5.967583497053045,1.037328094302554,2571.0,2.525540275049116,34.16,-118.84,3.994
2.9769,43.0,5.082926829268293,1.0170731707317073,912.0,2.2243902439024392,38.54,-121.43,0.927
6.9584,16.0,6.310714285714286,0.9571428571428572,1061.0,3.789285714285714,37.4,-121.87,3.516
2.2843,28.0,3.7892156862745097,1.1397058823529411,974.0,2.3872549019607843,34.12,-118.23,1.838
3.525,20.0,5.009478672985782,0.966824644549763,2389.0,2.830568720379147,36.96,-121.77,2.291
2.2794,42.0,5.0,0.9700374531835206,1548.0,2.898876404494382,38.67,-121.77,1.089
7.2655,25.0,7.98936170212766,1.0452127659574468,1145.0,3.0452127659574466,37.86,-122.03,4.94
4.392,34.0,6.102409638554217,1.0391566265060241,1142.0,3.4397590361445785,34.12,-117.84,1.876
10.1531,2.0,9.90632911392405,1.130379746835443,2985.0,3.778481012658228,33.64,-117.62,4.841
3.6023,25.0,4.813953488372093,0.9534883720930233,87.0,2.0232558139534884,37.71,-121.02,1.313
1.9871,35.0,5.1248073959938365,1.0724191063174113,2511.0,3.869029275808937,38.62,-121.46,0.609
7.8195,16.0,8.60234899328859,1.058724832214765,2142.0,3.5939597315436242,33.7,-117.98,3.905
4.0461,37.0,4.739669421487603,1.0661157024793388,742.0,3.0661157024793386,33.9,-118.09,1.535
5.2563,24.0,5.878151260504202,1.0056022408963585,2468.0,3.4565826330532214,33.73,-117.94,2.114
1.7941,22.0,4.216145833333333,0.9375,1509.0,3.9296875,34.97,-120.44,1.103
5.2563,17.0,10.321167883211679,1.8467153284671534,673.0,2.4562043795620436,34.24,-117.13,1.441
2.2419,16.0,5.653940886699507,1.1133004926108374,1904.0,2.3448275862068964,39.83,-121.58,0.932
2.1389,39.0,4.22680412371134,1.090721649484536,1959.0,4.039175257731959,33.96,-118.21,1.689
8.8619,41.0,6.12396694214876,0.987603305785124,617.0,2.549586776859504,34.04,-118.55,5.00001
5.0025,32.0,5.9321100917431195,1.0146788990825688,1678.0,3.078899082568807,34.2,-118.62,2.349
4.263,31.0,5.9609665427509295,1.0408921933085502,1582.0,2.940520446096654,34.08,-117.43,1.274
1.0208,38.0,3.345890410958904,1.0102739726027397,1073.0,3.6746575342465753,33.96,-118.27,0.864
3.6548,30.0,6.147214854111406,1.0610079575596818,2307.0,3.059681697612732,35.36,-119.05,0.847
2.4844,46.0,4.321678321678322,1.0769230769230769,1360.0,3.1701631701631703,33.85,-118.2,1.582
10.6349,24.0,6.340361445783133,1.0421686746987953,712.0,2.144578313253012,33.53,-117.76,5.00001
1.4946,34.0,4.340694006309148,1.1861198738170347,702.0,2.2145110410094637,39.15,-121.58,0.555
5.6204,36.0,6.110738255033557,0.9798657718120806,742.0,2.48993288590604,37.73,-122.49,4.062
4.7188,29.0,6.511278195488722,1.037593984962406,341.0,2.56390977443609,37.95,-122.04,1.971
1.7692,34.0,5.560196560196561,1.0393120393120394,1184.0,2.909090909090909,36.65,-119.8,0.742
6.5095,25.0,6.631578947368421,0.8947368421052632,340.0,1.9883040935672514,37.72,-122.13,3.712
4.7237,6.0,5.10752688172043,0.989247311827957,426.0,2.2903225806451615,33.45,-117.61,2.207
4.1771,44.0,4.920720720720721,1.0396396396396397,1396.0,2.5153153153153154,33.84,-118.19,2.191
2.9821,20.0,3.63953488372093,1.062015503875969,1461.0,2.8313953488372094,33.97,-118.1,1.425
4.5357,13.0,5.850485436893204,0.9436893203883495,1361.0,2.6427184466019416,40.52,-122.66,1.712
3.375,19.0,3.67984693877551,1.0956632653061225,1520.0,1.9387755102040816,37.31,-122.03,2.757
3.1591,19.0,6.452132701421801,1.1033175355450238,2703.0,2.562085308056872,33.71,-116.91,1.897
2.5882,33.0,4.376146788990826,1.1055045871559632,655.0,3.0045871559633026,33.91,-118.26,0.928
2.8167,35.0,6.459649122807018,1.0526315789473684,783.0,2.7473684210526317,38.0,-121.22,1.621
7.9885,5.0,12.626865671641792,3.716417910447761,117.0,1.7462686567164178,33.74,-116.44,4.033
5.7519,27.0,7.331775700934579,1.1308411214953271,583.0,2.7242990654205608,37.66,-121.87,2.785
1.7344,24.0,3.298342541436464,1.0585635359116021,4042.0,4.466298342541436,33.51,-116.01,0.664
3.2279,28.0,5.731578947368421,0.9421052631578948,544.0,2.863157894736842,35.51,-119.27,0.958
0.9336,10.0,3.6627450980392156,1.0196078431372548,401.0,1.572549019607843,37.66,-120.98,1.271
2.543,15.0,4.877094972067039,1.1154562383612663,1513.0,2.817504655493482,32.81,-116.95,1.0
2.0156,47.0,3.6367924528301887,1.0566037735849056,637.0,3.0047169811320753,32.68,-117.1,0.903
4.8625,20.0,4.694006309148265,1.2082018927444795,1227.0,1.9353312302839116,37.38,-122.06,2.625
3.1324,19.0,29.248648648648647,5.632432432432433,441.0,2.383783783783784,34.24,-116.86,1.32
3.5694,31.0,4.305019305019305,1.0347490347490347,1369.0,5.285714285714286,33.73,-117.86,1.505
1.9961,13.0,4.996287128712871,1.0748762376237624,6159.0,1.905631188118812,33.73,-116.99,0.978
3.1736,26.0,5.392361111111111,1.046875,1396.0,2.423611111111111,34.17,-117.28,1.222
1.7656,42.0,4.144702842377261,1.0310077519379846,1581.0,4.0852713178294575,33.96,-118.28,0.967
3.0156,37.0,4.818740399385561,1.0522273425499231,2048.0,3.1459293394777266,37.33,-121.87,2.703
5.9493,36.0,5.7315175097276265,0.9844357976653697,713.0,2.77431906614786,33.85,-118.1,2.28
2.5896,27.0,4.598930481283422,1.0521390374331552,2085.0,2.787433155080214,38.26,-122.02,1.047
4.3654,31.0,5.155555555555556,1.0277777777777777,990.0,2.75,34.19,-118.55,2.238
4.0484,11.0,5.934179222839017,1.0118953211736716,3516.0,2.788263283108644,33.09,-117.06,2.625
1.5208,10.0,3.526605504587156,1.0587155963302752,1595.0,2.926605504587156,32.76,-117.09,1.188
2.5898,35.0,4.636879432624114,1.073758865248227,2328.0,3.302127659574468,33.75,-116.96,0.763
3.7679,10.0,5.313725490196078,0.9915966386554622,1353.0,3.7899159663865545,34.97,-120.45,1.313
3.0431,41.0,4.605475040257649,1.0982286634460547,1516.0,2.4412238325281805,34.2,-118.34,2.629
4.1033,34.0,4.892253931275481,1.0553290623179965,4101.0,2.388468258590565,37.64,-122.43,3.01
2.4259,40.0,4.280966767371601,1.0211480362537764,1068.0,3.226586102719033,34.01,-118.12,1.646
6.2907,15.0,5.974924774322969,1.0401203610832497,3838.0,3.8495486459378134,37.29,-121.81,2.531
2.6518,39.0,5.296786389413989,1.168241965973535,1524.0,2.880907372400756,33.96,-118.3,1.363
0.8198,6.0,2.660436137071651,1.0903426791277258,542.0,1.6884735202492211,34.17,-118.37,3.25
4.0549,34.0,5.758853288364249,1.0252951096121417,1464.0,2.4688026981450255,32.76,-117.01,2.237
4.9583,10.0,5.0625,2.5625,55.0,3.4375,38.87,-120.5,0.875
6.7474,16.0,6.27653997378768,1.0694626474442988,1840.0,2.4115334207077326,37.55,-122.27,3.382
2.1786,44.0,4.109589041095891,0.9863013698630136,160.0,2.191780821917808,37.8,-121.21,1.208
1.6607,20.0,4.625,0.9847560975609756,1287.0,3.923780487804878,38.64,-121.46,0.67
3.4375,42.0,4.949275362318841,0.9202898550724637,541.0,3.920289855072464,34.13,-117.97,1.517
2.9628,36.0,5.66553480475382,1.166383701188455,2388.0,4.054329371816638,34.13,-117.27,0.878
2.9698,15.0,6.029473684210526,1.2021052631578948,1480.0,3.1157894736842104,36.3,-119.32,0.934
4.1118,35.0,6.208333333333333,1.0787037037037037,898.0,4.157407407407407,34.03,-117.92,1.573
4.1146,28.0,4.842271293375394,1.0410094637223974,1937.0,6.110410094637224,37.33,-121.84,1.601
3.2422,33.0,4.672199170124482,1.107883817427386,621.0,2.5767634854771786,32.74,-117.11,1.231
2.2344,34.0,3.2041420118343193,1.0769230769230769,1132.0,3.3491124260355027,34.06,-118.22,1.531
4.505,32.0,3.5763546798029555,1.0049261083743843,538.0,2.6502463054187193,37.38,-122.01,2.304
4.7083,25.0,5.248259860788863,0.9976798143851509,2426.0,2.8143851508120648,37.64,-122.07,1.909
5.8374,36.0,5.438202247191011,0.9644194756554307,1463.0,2.7397003745318353,33.91,-118.38,2.896
2.774,38.0,4.809523809523809,0.981859410430839,1547.0,3.507936507936508,35.39,-118.97,0.595
2.2618,17.0,5.351282051282051,1.091025641025641,1845.0,2.3653846153846154,33.75,-117.11,0.961
2.8603,14.0,5.493265993265993,1.095959595959596,1910.0,3.2154882154882154,36.01,-118.73,1.289
3.0,14.0,3.45422943221321,1.0359212050984936,1941.0,2.249130938586327,34.15,-118.26,1.786
2.9474,33.0,5.6058558558558556,1.2297297297297298,1857.0,4.1824324324324325,33.85,-117.93,1.784
7.8647,52.0,7.112962962962963,0.9944444444444445,1391.0,2.575925925925926,37.45,-122.14,5.00001
2.3981,33.0,2.7372093023255815,1.0883720930232559,1533.0,3.5651162790697675,34.07,-118.27,1.833
3.1989,52.0,4.295049504950495,1.0336633663366337,1220.0,2.4158415841584158,37.78,-122.47,4.469
2.4524,25.0,3.657754010695187,1.0160427807486632,665.0,3.556149732620321,32.74,-117.11,0.903
4.35,28.0,5.016317016317016,0.9673659673659674,1623.0,3.7832167832167833,33.83,-118.27,2.005
3.2759,18.0,5.340673575129534,1.1321243523316062,1895.0,2.454663212435233,38.01,-122.31,1.95
4.6371,31.0,5.5761421319796955,1.2106598984771573,1193.0,3.027918781725888,37.57,-122.31,2.711
2.4526,29.0,5.782051282051282,1.121082621082621,1700.0,2.421652421652422,41.31,-122.3,0.971
3.5393,15.0,5.460504201680672,1.030252100840336,1569.0,2.6369747899159663,37.35,-120.59,0.88
5.4188,10.0,6.266187050359712,1.0467625899280575,1469.0,2.6420863309352516,33.48,-117.65,4.022
2.6667,50.0,4.746268656716418,1.0796019900497513,546.0,2.716417910447761,37.79,-122.19,1.728
6.0808,35.0,4.969072164948454,0.9415807560137457,759.0,2.6082474226804124,34.27,-118.31,2.156
3.9934,20.0,5.502336448598131,1.091121495327103,1198.0,2.7990654205607477,34.94,-116.96,0.885
2.2,25.0,4.503164556962025,1.018987341772152,2272.0,3.5949367088607596,32.74,-117.11,0.987
2.8929,36.0,4.184549356223176,1.0429184549356223,809.0,3.4721030042918457,34.05,-117.73,1.181
2.8077,31.0,4.17910447761194,1.1044776119402986,1718.0,6.41044776119403,33.74,-117.88,1.403
3.3917,25.0,4.7701149425287355,1.3103448275862069,368.0,2.1149425287356323,37.38,-122.08,3.429
5.9113,37.0,6.438746438746438,1.0085470085470085,809.0,2.304843304843305,32.73,-117.24,3.883
3.3015,33.0,4.334728033472803,1.1227336122733613,1895.0,2.6429567642956764,37.48,-122.23,2.677
3.7454,52.0,4.60377358490566,1.0075471698113208,488.0,1.8415094339622642,36.62,-121.91,2.438
4.5746,13.0,5.500819672131148,1.0295081967213116,3683.0,3.0188524590163937,32.97,-117.04,1.757
4.1125,30.0,4.038759689922481,0.9767441860465116,306.0,2.372093023255814,34.19,-118.4,2.167
6.227,45.0,5.6502732240437155,0.9508196721311475,844.0,2.3060109289617485,37.46,-122.16,4.178
1.73,44.0,5.0245098039215685,0.9705882352941176,506.0,2.480392156862745,37.85,-122.28,1.479
3.175,11.0,5.476415094339623,1.0825471698113207,1373.0,3.2382075471698113,38.4,-121.35,0.944
1.3194,19.0,4.244230769230769,1.0865384615384615,1481.0,2.848076923076923,37.75,-122.19,0.814
3.1719,38.0,4.620689655172414,0.9885057471264368,311.0,3.574712643678161,36.48,-119.45,1.063
3.0021,19.0,5.934803451581975,1.299137104506232,2242.0,2.149568552253116,33.72,-116.37,1.523
0.8658,52.0,3.7265625,0.9609375,943.0,3.68359375,34.12,-117.27,0.875
2.8125,29.0,6.078571428571428,1.075,914.0,3.2642857142857142,36.46,-119.69,0.792
3.6875,39.0,4.436018957345971,0.919431279620853,691.0,3.2748815165876777,33.98,-118.09,1.695
4.1029,52.0,5.632022471910112,1.0084269662921348,847.0,2.3792134831460676,37.79,-122.46,5.00001
3.3409,34.0,5.0633333333333335,1.0133333333333334,1262.0,4.206666666666667,34.05,-117.94,1.612
3.1326,13.0,6.648414985590778,1.1123919308357348,925.0,2.6657060518731988,37.35,-119.68,1.198
7.723,36.0,6.3438985736925515,1.0253565768621236,1337.0,2.1188589540412046,34.13,-118.16,5.00001
3.6091,16.0,6.094138543516874,1.147424511545293,3562.0,3.1634103019538187,34.87,-117.0,0.872
2.9243,35.0,5.745819397993311,1.1538461538461537,698.0,2.3344481605351173,39.46,-123.8,1.316
3.1475,28.0,4.393728222996516,1.0731707317073171,991.0,1.7264808362369337,34.06,-118.38,3.625
3.4286,5.0,4.28169014084507,1.1948356807511737,892.0,2.0938967136150235,32.75,-117.23,1.375
3.9844,38.0,5.403041825095057,1.1406844106463878,1236.0,4.699619771863118,33.72,-117.88,1.653
4.7019,14.0,6.466409266409267,1.0864864864864865,2916.0,2.2517374517374518,33.15,-117.11,1.911
2.3417,16.0,3.9375,1.0511363636363635,365.0,2.0738636363636362,33.89,-117.56,1.917
1.7806,24.0,4.058732612055642,1.0695517774343122,2204.0,3.4064914992272026,34.07,-117.68,1.35
2.9357,52.0,4.327669902912621,0.9587378640776699,1659.0,4.026699029126213,37.79,-122.23,1.079
2.1173,34.0,4.123232323232323,1.0444444444444445,1479.0,2.987878787878788,34.03,-118.31,1.566
2.1573,28.0,4.826013513513513,1.0456081081081081,1614.0,2.7263513513513513,36.79,-119.74,0.714
4.016,47.0,4.743131868131868,1.070054945054945,1353.0,1.8585164835164836,37.93,-122.42,2.745
6.9308,18.0,6.704761904761905,1.0793650793650793,1048.0,3.326984126984127,33.88,-117.83,2.317
6.2871,26.0,7.009174311926605,1.073394495412844,607.0,2.7844036697247705,33.45,-117.64,3.255
3.2386,52.0,5.58125,0.99375,367.0,2.29375,38.57,-121.46,2.132
3.8529,31.0,5.652777777777778,1.0638888888888889,866.0,2.4055555555555554,32.82,-117.21,2.12
1.625,18.0,6.028268551236749,1.4028268551236749,3424.0,12.098939929328623,33.54,-115.22,0.535
1.8798,40.0,3.961864406779661,0.9576271186440678,818.0,3.4661016949152543,33.95,-118.27,1.013
3.994,30.0,5.083832335329341,0.9680638722554891,1547.0,3.0878243512974053,38.01,-121.3,0.955
4.5791,12.0,5.8992673992674,1.021978021978022,2966.0,2.7161172161172162,35.36,-119.08,1.234
4.975,10.0,4.70873786407767,1.0800970873786409,763.0,1.8519417475728155,34.1,-118.18,1.667
6.8474,9.0,6.35,0.9944444444444445,647.0,3.5944444444444446,34.15,-118.8,3.567
1.3903,26.0,4.5015772870662465,1.2176656151419558,974.0,3.0725552050473186,33.2,-117.38,1.844
2.3056,29.0,4.903726708074534,1.0900621118012421,1056.0,3.279503105590062,33.95,-118.27,0.985
4.7981,16.0,6.408536585365853,1.0670731707317074,1003.0,3.057926829268293,33.54,-117.67,1.708
3.3389,33.0,4.73936170212766,1.047872340425532,1517.0,4.034574468085107,34.03,-117.95,1.579
5.0362,29.0,6.110112359550562,0.9786516853932584,2310.0,2.595505617977528,37.91,-122.03,2.753
5.5292,16.0,6.875,1.0150862068965518,1414.0,3.0474137931034484,34.11,-117.68,2.086
4.1445,11.0,4.399096385542169,1.0316265060240963,1512.0,2.2771084337349397,34.19,-118.36,1.764
5.3678,7.0,7.38625,1.090625,5499.0,3.436875,34.14,-117.58,2.317
15.0001,15.0,8.062043795620438,1.0036496350364963,735.0,2.6824817518248176,33.62,-117.87,5.00001
4.5,21.0,5.721830985915493,1.073943661971831,1978.0,3.482394366197183,37.24,-121.81,2.344
5.1615,26.0,6.687037037037037,1.0425925925925925,2089.0,3.8685185185185187,34.43,-119.79,2.762
3.1579,22.0,3.673186119873817,1.0769716088328076,3335.0,2.1041009463722395,34.0,-118.44,2.431
1.1667,37.0,4.022792022792022,0.9772079772079773,1127.0,3.2108262108262107,34.12,-117.31,0.709
4.175,27.0,4.574844074844075,1.0738045738045738,1725.0,1.793139293139293,34.05,-118.47,5.00001
1.2841,43.0,4.644230769230769,1.2259615384615385,857.0,4.1201923076923075,32.71,-117.14,0.72
1.6325,39.0,4.272388059701493,1.0055970149253732,1685.0,3.1436567164179103,36.73,-119.75,0.521
5.3269,19.0,9.142857142857142,1.2142857142857142,101.0,3.607142857142857,34.02,-117.53,3.75
3.8625,52.0,8.758620689655173,2.4827586206896552,153.0,5.275862068965517,37.78,-122.41,3.5
1.1419,35.0,4.38337182448037,1.1108545034642032,1123.0,2.5935334872979214,36.32,-119.29,0.629
3.7277,33.0,4.765840220385675,1.0633608815426998,994.0,2.7382920110192837,34.03,-118.41,5.00001
2.1029,28.0,5.063291139240507,0.9430379746835443,450.0,2.848101265822785,38.69,-121.51,1.086
3.9,14.0,6.353932584269663,1.0842696629213484,520.0,2.9213483146067416,39.05,-121.19,1.804
3.4698,17.0,7.347014925373134,1.1082089552238805,717.0,2.675373134328358,39.13,-121.68,1.797
3.7083,31.0,3.8012048192771086,1.0180722891566265,1019.0,3.069277108433735,34.16,-118.29,2.419
2.3317,39.0,3.975609756097561,1.0585365853658537,2470.0,2.4097560975609755,33.78,-118.16,2.225
10.2233,10.0,6.872280037842952,1.075685903500473,2528.0,2.391674550614948,33.77,-118.12,5.00001
2.4583,29.0,3.6506849315068495,1.047945205479452,1143.0,2.6095890410958904,34.19,-118.44,1.991
4.0473,36.0,5.223367697594502,1.0309278350515463,831.0,2.8556701030927836,33.9,-118.32,2.121
4.0238,15.0,3.849056603773585,1.0272536687631026,942.0,1.9748427672955975,33.72,-118.04,1.825
4.9779,23.0,4.858012170385395,1.0101419878296145,1309.0,2.6551724137931036,33.9,-118.34,2.246
3.0139,11.0,5.347712418300653,1.1294117647058823,1927.0,2.518954248366013,33.15,-117.2,1.99
3.066,17.0,5.346303501945525,1.0817120622568093,1174.0,2.2840466926070038,39.71,-121.71,1.026
8.758,30.0,7.338129496402877,1.0575539568345325,787.0,2.8309352517985613,37.35,-122.06,5.00001
1.9875,52.0,3.1875,0.90625,54.0,1.6875,34.32,-118.35,1.917
4.6366,40.0,5.311764705882353,1.0215686274509803,1156.0,2.2666666666666666,37.49,-122.25,3.955
1.4712,41.0,3.5569620253164556,1.0886075949367089,807.0,2.5537974683544302,38.57,-121.5,0.946
5.4842,22.0,5.1553956834532375,1.0906474820143885,1792.0,2.57841726618705,37.3,-122.03,3.353
5.0165,35.0,6.035714285714286,1.2969924812030076,2755.0,2.5892857142857144,37.17,-122.16,2.023
4.1985,34.0,4.761862917398946,1.039543057996485,2002.0,1.7592267135325133,37.46,-122.19,5.00001
2.6528,9.0,8.010752688172044,1.586021505376344,2233.0,2.401075268817204,37.97,-120.67,1.33
4.4375,40.0,5.735359525574499,1.1030392883617495,3108.0,2.3039288361749444,37.99,-122.61,2.896
4.955,4.0,5.390459363957597,1.098939929328622,3775.0,2.2232037691401647,33.0,-117.07,2.415
4.6667,4.0,5.858695652173913,0.8586956521739131,571.0,3.1032608695652173,32.72,-116.98,2.233
3.4186,6.0,5.66256157635468,1.0270935960591132,2561.0,3.1539408866995076,38.53,-121.99,1.273
2.1875,49.0,4.571428571428571,1.0,14.0,2.0,34.04,-118.44,2.25
3.575,44.0,5.138297872340425,1.0319148936170213,676.0,2.397163120567376,37.33,-121.93,2.922
3.1004,26.0,3.4140786749482404,1.0807453416149069,1332.0,2.7577639751552794,34.15,-118.23,2.571
4.25,40.0,4.691747572815534,1.1529126213592233,902.0,2.1893203883495147,33.71,-118.29,3.328
3.5,33.0,4.48,1.04,843.0,4.215,33.84,-118.29,1.83
2.7461,17.0,5.4261904761904765,1.0666666666666667,1200.0,2.857142857142857,36.15,-120.38,0.7
4.3438,42.0,3.8598130841121496,1.0,349.0,3.2616822429906542,34.16,-118.29,1.898
4.2891,48.0,4.448979591836735,0.9727891156462585,835.0,2.8401360544217686,34.13,-118.23,2.148
3.0221,25.0,4.350364963503649,0.8394160583941606,426.0,3.1094890510948905,33.18,-117.17,2.143
6.8901,46.0,5.12639405204461,0.8884758364312267,688.0,2.557620817843866,34.01,-118.46,5.00001
2.1687,41.0,3.2524038461538463,0.9110576923076923,1536.0,3.6923076923076925,34.1,-118.23,1.57
5.451,35.0,6.024742268041237,1.045360824742268,1130.0,2.329896907216495,34.17,-118.43,3.418
3.7206,39.0,3.691891891891892,1.0135135135135136,1237.0,3.343243243243243,34.03,-118.39,2.309
4.2762,36.0,6.017291066282421,1.031700288184438,772.0,2.2247838616714697,37.3,-121.92,3.101
2.9167,35.0,4.054644808743169,1.0965391621129326,2230.0,4.061930783242259,34.08,-118.18,1.293
3.1607,18.0,9.31496062992126,2.858267716535433,374.0,2.9448818897637796,33.07,-114.98,0.575
1.4844,52.0,3.8666666666666667,1.011764705882353,1008.0,3.9529411764705884,37.78,-122.23,1.194
0.536,46.0,3.142857142857143,1.0476190476190477,37.0,1.7619047619047619,38.02,-121.84,0.875
4.5486,32.0,5.525525525525525,0.9279279279279279,828.0,2.4864864864864864,34.63,-120.45,1.724
2.3657,19.0,5.405797101449275,1.041407867494824,1185.0,2.453416149068323,40.09,-122.08,0.94
1.6725,47.0,2.063858695652174,1.0414402173913044,4225.0,2.870244565217391,34.06,-118.31,1.875
3.2073,20.0,4.76332899869961,1.0110533159947985,5718.0,3.717815344603381,34.01,-117.68,1.235
1.7039,48.0,4.194774346793349,1.0546318289786223,1406.0,3.339667458432304,37.94,-121.28,0.527
1.8162,50.0,3.5025641025641026,0.9692307692307692,459.0,2.353846153846154,37.64,-120.99,0.7
3.0417,24.0,4.534090909090909,1.1022727272727273,1329.0,3.7755681818181817,34.14,-117.98,1.48
6.1288,18.0,8.154545454545454,1.290909090909091,263.0,2.390909090909091,34.23,-118.66,3.5
3.5488,42.0,4.821576763485477,1.095435684647303,1044.0,4.331950207468879,33.79,-118.26,2.056
4.1325,32.0,5.439618644067797,1.0858050847457628,2152.0,2.2796610169491527,32.64,-117.07,1.728
3.3699,22.0,23.39660056657224,3.991501416430595,845.0,2.3937677053824364,39.2,-120.22,2.44
4.3942,44.0,5.206896551724138,0.987460815047022,985.0,3.0877742946708464,33.87,-118.14,2.195
10.9891,4.0,6.296296296296297,0.8518518518518519,93.0,3.4444444444444446,39.0,-121.0,3.125
7.5057,18.0,6.669117647058823,1.0036764705882353,1922.0,3.5330882352941178,33.85,-118.04,3.285
3.5313,36.0,5.092409240924092,0.9801980198019802,1355.0,4.471947194719472,34.09,-117.73,1.178
4.3816,35.0,6.126984126984127,1.0238095238095237,849.0,2.246031746031746,36.32,-119.32,0.886
4.1731,26.0,5.1545741324921135,0.9936908517350158,909.0,2.867507886435331,38.37,-122.8,2.572
3.5129,34.0,5.234072022160665,1.0609418282548477,2356.0,3.263157894736842,38.01,-121.9,1.106
4.5221,16.0,6.125,1.1590909090909092,667.0,2.5265151515151514,37.22,-121.77,1.911
1.5957,18.0,6.327586206896552,1.5593869731800767,986.0,1.8888888888888888,35.7,-118.5,1.014
4.1659,36.0,5.887545344619105,1.053204353083434,1899.0,2.2962515114873034,37.99,-122.59,3.02
2.25,46.0,4.320224719101123,1.0280898876404494,693.0,3.893258426966292,37.74,-122.17,0.842
2.6368,25.0,3.662534435261708,1.0537190082644627,2629.0,3.621212121212121,33.82,-118.3,1.759
3.415,52.0,4.627639155470249,1.0095969289827256,2165.0,4.155470249520153,33.74,-117.87,1.725
5.1265,40.0,6.498194945848375,1.0469314079422383,761.0,2.747292418772563,38.02,-122.16,1.961
5.9897,8.0,6.125,0.9435483870967742,711.0,2.8669354838709675,36.85,-119.77,1.236
2.2577,26.0,3.5850673194614444,1.1872705018359853,3792.0,4.6413708690330475,34.06,-118.02,1.738
1.7238,33.0,1.9268774703557312,1.034584980237154,3707.0,3.6630434782608696,34.06,-118.26,1.1
3.5278,48.0,5.09811320754717,1.0188679245283019,650.0,2.452830188679245,37.76,-122.49,3.398
4.9118,26.0,6.391304347826087,1.1014492753623188,1597.0,3.3064182194616976,37.55,-122.03,2.173
5.6349,24.0,5.71313672922252,0.9195710455764075,874.0,2.3431635388739944,37.84,-122.14,3.556
2.5368,35.0,6.21078431372549,1.0392156862745099,710.0,3.480392156862745,32.8,-117.14,1.696
3.1042,44.0,5.06989247311828,1.0725806451612903,1167.0,3.1370967741935485,33.8,-118.15,2.198
1.8652,35.0,3.498533724340176,1.0410557184750733,1784.0,5.231671554252199,34.01,-118.27,1.161
3.7426,19.0,6.129287598944591,1.0474934036939314,963.0,2.54089709762533,39.18,-121.08,1.627
4.2719,20.0,3.5479338842975205,1.0512396694214876,2389.0,1.9743801652892563,37.38,-122.06,2.708
6.6009,49.0,6.7218045112781954,1.0037593984962405,735.0,2.763157894736842,34.16,-118.19,3.757
3.4703,5.0,5.649149922720247,1.0757341576506956,2316.0,3.579598145285935,37.61,-121.01,1.293
2.2321,21.0,5.803191489361702,1.1063829787234043,660.0,3.5106382978723403,41.54,-120.87,0.346
4.0469,33.0,5.597058823529411,1.1352941176470588,1187.0,3.4911764705882353,34.1,-118.22,1.966
5.3911,27.0,5.452586206896552,0.9310344827586207,660.0,2.8448275862068964,37.24,-121.92,2.812
3.5667,28.0,4.616343490304709,1.0415512465373962,2026.0,2.806094182825485,33.88,-117.87,1.907
3.7426,20.0,5.940677966101695,1.0,676.0,2.864406779661017,38.68,-121.24,1.355
4.7188,27.0,6.393548387096774,1.2516129032258065,543.0,3.503225806451613,36.97,-122.13,3.5
4.1645,14.0,5.941935483870968,0.9806451612903225,1914.0,4.116129032258065,32.7,-117.07,1.43
3.7609,6.0,4.446478873239436,1.0154929577464789,1695.0,2.387323943661972,33.55,-117.67,2.223
3.0625,19.0,5.607142857142857,1.0785714285714285,366.0,2.6142857142857143,39.8,-120.15,0.825
4.5192,52.0,5.582781456953643,1.0596026490066226,333.0,2.205298013245033,34.06,-118.37,4.46
2.1186,28.0,4.707581227436823,1.03971119133574,1719.0,3.1028880866425994,37.8,-121.22,0.944
3.6058,52.0,4.983240223463687,1.037243947858473,1181.0,2.1992551210428304,32.73,-117.13,2.131
2.8929,19.0,5.816199376947041,1.1246105919003115,758.0,2.3613707165109035,34.16,-116.44,0.981
2.275,21.0,5.4574898785425106,1.1700404858299596,1208.0,2.445344129554656,41.95,-124.14,1.224
4.625,19.0,5.037037037037037,1.0449735449735449,1776.0,2.3492063492063493,33.67,-117.99,2.822
2.8203,24.0,4.997840172786177,1.0107991360691144,1549.0,3.345572354211663,35.05,-120.48,1.526
5.5931,23.0,5.876325088339223,1.0671378091872792,1242.0,4.3886925795053005,34.28,-118.46,2.176
2.9491,49.0,4.939716312056738,1.0283687943262412,605.0,2.145390070921986,34.16,-118.28,2.574
3.0448,30.0,4.577568134171908,1.0828092243186582,2524.0,2.6457023060796647,34.12,-117.85,1.921
2.425,39.0,5.832844574780059,1.1759530791788857,805.0,2.3607038123167157,34.14,-117.29,0.9
2.1875,28.0,4.160714285714286,1.0714285714285714,432.0,2.5714285714285716,34.06,-117.18,0.819
10.3893,18.0,6.75,0.9722222222222222,316.0,2.925925925925926,33.62,-117.85,5.00001
5.0796,35.0,6.112359550561798,1.101123595505618,1158.0,2.602247191011236,34.19,-118.5,2.283
1.6389,29.0,4.573122529644269,1.173913043478261,2027.0,8.011857707509881,33.97,-117.38,1.55
2.1781,10.0,5.199257425742574,1.051980198019802,2378.0,2.9430693069306932,34.5,-117.2,0.922
2.6382,25.0,6.096509240246407,1.1314168377823408,1745.0,3.5831622176591376,38.48,-121.47,0.762
2.5122,45.0,4.75,1.06198347107438,1437.0,2.96900826446281,37.76,-122.16,0.955
2.3716,52.0,3.9415730337078654,1.0157303370786517,1849.0,4.155056179775281,34.03,-118.2,1.228
3.0958,49.0,4.034246575342466,1.0662100456621004,1066.0,2.4337899543378994,34.1,-118.28,2.109
4.9355,34.0,6.5625,1.0791666666666666,1392.0,2.9,34.25,-118.25,3.369
0.8585,15.0,4.826666666666667,1.26,949.0,3.1633333333333336,32.76,-114.63,0.45
2.5872,15.0,5.041450777202073,1.0224525043177892,1130.0,1.9516407599309153,33.23,-117.33,1.556
3.8929,19.0,4.974293059125964,1.025706940874036,1126.0,2.8946015424164524,34.1,-117.81,1.446
4.0875,52.0,4.538181818181818,1.029090909090909,620.0,2.2545454545454544,37.89,-122.3,2.213
2.9583,34.0,3.8108808290155443,1.0958549222797926,995.0,2.577720207253886,34.18,-118.36,1.887
4.3158,49.0,5.478260869565218,1.0739130434782609,1435.0,2.079710144927536,34.04,-118.48,5.00001
3.6111,15.0,5.0,0.9172413793103448,747.0,2.575862068965517,32.91,-117.13,1.963
4.95,45.0,5.507598784194529,1.0212765957446808,752.0,2.2857142857142856,37.5,-122.25,3.45
3.1667,34.0,4.644628099173554,1.012396694214876,717.0,2.9628099173553717,33.83,-118.27,1.869
1.8636,21.0,4.856777493606138,1.143222506393862,1133.0,2.89769820971867,35.13,-118.44,0.679
6.381,52.0,6.662337662337662,1.0692640692640694,1005.0,2.175324675324675,37.89,-122.26,3.422
4.7269,48.0,6.975274725274725,1.1675824175824177,930.0,2.5549450549450547,34.19,-118.13,3.039
2.4706,31.0,4.156593406593407,1.0686813186813187,1396.0,3.8351648351648353,34.06,-118.03,1.706
3.6875,42.0,5.707865168539326,0.9737827715355806,651.0,2.438202247191011,37.78,-122.17,1.573
1.2059,18.0,2.537037037037037,1.0897435897435896,1913.0,2.725071225071225,33.98,-118.22,2.55
6.0074,16.0,6.862704918032787,1.1147540983606556,2003.0,4.104508196721311,37.58,-122.08,2.365
3.1932,17.0,3.7431781701444624,1.0224719101123596,1636.0,2.626003210272873,37.25,-121.83,1.234
3.9,22.0,5.707838479809976,1.0237529691211402,1088.0,2.5843230403800477,38.51,-121.55,1.469
4.2037,23.0,6.1461318051575935,0.9742120343839542,1022.0,2.9283667621776504,38.67,-121.3,1.254
6.6085,27.0,6.410891089108911,1.0907590759075907,1537.0,2.536303630363036,37.37,-122.05,3.447
2.398,18.0,5.395299145299146,1.0705128205128205,1726.0,3.6880341880341883,38.54,-121.42,0.876
5.7934,27.0,7.25050505050505,1.0242424242424242,1484.0,2.997979797979798,33.78,-117.81,2.705
5.4786,18.0,6.488921713441655,0.948301329394387,2095.0,3.0945347119645494,33.11,-117.05,2.235
